Transaction ID,Item,Quantity,Price Per Unit,Total Spent,Payment Method,Location,Transaction Date
Txn_1961373,Coffee,2,2.0,4.0,Credit Card,Takeaway,2023-09-08
Txn_4977031,Cake,4,3.0,12.0,Cash,In-Store,2023-05-16
Txn_3160411,Coffee,2,2.0,4.0,Digital Wallet,In-Store,2023-06-11
Txn_2548360,Salad,5,5.0,25.0,Cash,Takeaway,2023-11-07
Txn_7619095,Sandwich,2,4.0,8.0,Cash,In-Store,2023-05-03
Txn_2847255,Salad,3,5.0,15.0,Credit Card,In-Store,2023-11-15
Txn_6769710,Juice,2,3.0,6.0,Cash,In-Store,2023-02-24
Txn_3709394,Juice,4,3.0,12.0,Cash,Takeaway,2023-01-15
Txn_3567645,Smoothie,4,4.0,16.0,Credit Card,Takeaway,2023-03-30
Txn_5132361,Sandwich,3,4.0,12.0,Digital Wallet,Takeaway,2023-12-01
Txn_9400181,Sandwich,5,4.0,20.0,Cash,In-Store,2023-06-03
Txn_5183041,Cookie,5,1.0,5.0,Credit Card,In-Store,2023-04-20
Txn_5695074,Juice,4,3.0,12.0,Credit Card,Takeaway,2023-04-10
Txn_8853997,Smoothie,2,4.0,8.0,Digital Wallet,Takeaway,2023-10-09
Txn_1080432,Salad,2,5.0,10.0,Credit Card,In-Store,2023-04-29
Txn_8078640,Juice,4,3.0,12.0,Digital Wallet,In-Store,2023-11-03
Txn_8614868,Smoothie,5,4.0,20.0,Digital Wallet,Takeaway,2023-12-05
Txn_6421134,Sandwich,4,4.0,16.0,Cash,Takeaway,2023-11-03
Txn_3068204,Cookie,1,1.0,1.0,Credit Card,Takeaway,2023-10-03
Txn_2621580,Tea,2,1.5,3.0,Cash,In-Store,2023-03-22
Txn_4726376,Cake,2,3.0,6.0,Credit Card,In-Store,2023-01-31
Txn_6420335,Coffee,1,2.0,2.0,Cash,Takeaway,2023-07-16
Txn_3829165,Juice,4,3.0,12.0,Cash,In-Store,2023-06-15
Txn_3748616,Coffee,2,2.0,4.0,Credit Card,In-Store,2023-12-09
Txn_5266394,Cake,3,3.0,9.0,Cash,In-Store,2023-10-28
Txn_8976658,Tea,2,1.5,3.0,Credit Card,In-Store,2023-08-16
Txn_5220895,Salad,5,5.0,25.0,Cash,In-Store,2023-06-10
Txn_3085509,Coffee,4,2.0,8.0,Digital Wallet,In-Store,2023-04-15
Txn_9999113,Juice,4,3.0,12.0,Cash,Takeaway,2023-05-27
Txn_8779771,Coffee,4,2.0,8.0,Cash,In-Store,2023-07-25
Txn_3808639,Juice,2,3.0,6.0,Digital Wallet,Takeaway,2023-12-15
Txn_4358673,Cookie,5,1.0,5.0,Digital Wallet,Takeaway,2023-12-28
Txn_4368416,Salad,2,5.0,10.0,Credit Card,Takeaway,2023-02-24
Txn_6258471,Coffee,5,2.0,10.0,Digital Wallet,In-Store,2023-09-23
Txn_4685453,Tea,4,1.5,6.0,Cash,In-Store,2023-09-14
Txn_9096052,Smoothie,4,4.0,16.0,Credit Card,Takeaway,2023-12-28
Txn_5916991,Juice,2,3.0,6.0,Digital Wallet,Takeaway,2023-02-06
Txn_3407169,Sandwich,2,4.0,8.0,Cash,In-Store,2023-03-11
Txn_2181545,Juice,4,3.0,12.0,Credit Card,Takeaway,2023-07-14
Txn_1150033,Juice,5,3.0,15.0,Cash,In-Store,2023-04-18
Txn_8700451,Tea,5,1.5,7.5,Credit Card,Takeaway,2023-12-12
Txn_6380550,Coffee,5,2.0,10.0,Cash,In-Store,2023-01-05
Txn_4885518,Salad,3,5.0,15.0,Credit Card,In-Store,2023-06-10
Txn_5072031,Cake,2,3.0,6.0,Cash,Takeaway,2023-03-23
Txn_1928241,Coffee,3,2.0,6.0,Cash,In-Store,2023-04-30
Txn_4283157,Salad,5,5.0,25.0,Digital Wallet,In-Store,2023-11-25
Txn_1648671,Sandwich,3,4.0,12.0,Cash,Takeaway,2023-05-21
Txn_4062737,Cake,3,3.0,9.0,Cash,In-Store,2023-07-02
Txn_9249507,Cookie,4,1.0,4.0,Credit Card,In-Store,2023-11-21
Txn_9836934,Cookie,3,1.0,3.0,Digital Wallet,In-Store,2023-03-13
Txn_3925836,Cookie,3,1.0,3.0,Digital Wallet,In-Store,2023-02-16
Txn_3978874,Smoothie,5,4.0,20.0,Credit Card,In-Store,2023-03-13
Txn_8007337,Cake,2,3.0,6.0,Digital Wallet,Takeaway,2023-11-01
Txn_5365809,Cake,3,3.0,9.0,Cash,In-Store,2023-09-14
Txn_6629480,Smoothie,5,4.0,20.0,Credit Card,In-Store,2023-02-28
Txn_7412722,Juice,4,3.0,12.0,Cash,In-Store,2023-04-07
Txn_6000201,Cookie,3,1.0,3.0,Cash,Takeaway,2023-02-16
Txn_2950680,Coffee,2,2.0,4.0,Credit Card,Takeaway,2023-12-10
Txn_4088917,Coffee,3,2.0,6.0,Cash,Takeaway,2023-02-04
Txn_3779366,Cookie,1,1.0,1.0,Digital Wallet,In-Store,2023-04-15
Txn_3171373,Smoothie,3,4.0,12.0,Credit Card,In-Store,2023-05-10
Txn_3857960,Salad,4,5.0,20.0,Cash,In-Store,2023-04-26
Txn_9250710,Salad,1,5.0,5.0,Cash,In-Store,2023-05-28
Txn_9879996,Coffee,4,2.0,8.0,Digital Wallet,In-Store,2023-03-01
Txn_4291940,Cake,3,3.0,9.0,Credit Card,In-Store,2023-11-13
Txn_5047447,Salad,1,5.0,5.0,Digital Wallet,Takeaway,2023-12-27
Txn_6623508,Cookie,5,1.0,5.0,Digital Wallet,Takeaway,2023-05-18
Txn_2230167,Cake,4,3.0,12.0,Digital Wallet,Takeaway,2023-09-22
Txn_3786188,Tea,3,1.5,4.5,Credit Card,In-Store,2023-10-20
Txn_9642066,Sandwich,3,4.0,12.0,Credit Card,In-Store,2023-08-31
Txn_6616971,Juice,2,3.0,6.0,Digital Wallet,Takeaway,2023-09-02
Txn_7803615,Salad,3,5.0,15.0,Cash,In-Store,2023-12-13
Txn_1583597,Salad,1,5.0,5.0,Cash,In-Store,2023-05-10
Txn_8472308,Cookie,2,1.0,2.0,Digital Wallet,Takeaway,2023-08-19
Txn_1967565,Smoothie,5,4.0,20.0,Credit Card,Takeaway,2023-03-31
Txn_2029497,Sandwich,2,4.0,8.0,Cash,Takeaway,2023-01-06
Txn_7852990,Sandwich,5,4.0,20.0,Digital Wallet,Takeaway,2023-07-10
Txn_2059647,Tea,1,1.5,1.5,Digital Wallet,In-Store,2023-05-29
Txn_2485183,Smoothie,5,4.0,20.0,Cash,In-Store,2023-07-07
Txn_9401522,Sandwich,4,4.0,16.0,Digital Wallet,In-Store,2023-11-16
Txn_8250651,Sandwich,4,4.0,16.0,Digital Wallet,In-Store,2023-03-13
Txn_8982764,Cake,5,3.0,15.0,Digital Wallet,Takeaway,2023-11-23
Txn_1153869,Smoothie,5,4.0,20.0,Credit Card,Takeaway,2023-11-03
Txn_7557340,Tea,5,1.5,7.5,Credit Card,In-Store,2023-12-11
Txn_1157817,Smoothie,1,4.0,4.0,Digital Wallet,In-Store,2023-04-25
Txn_2020318,Tea,3,1.5,4.5,Digital Wallet,In-Store,2023-10-12
Txn_2031459,Cake,3,3.0,9.0,Cash,Takeaway,2023-07-04
Txn_4912930,Smoothie,3,4.0,12.0,Credit Card,In-Store,2023-02-26
Txn_3723007,Tea,3,1.5,4.5,Digital Wallet,In-Store,2023-05-18
Txn_7559388,Salad,4,5.0,20.0,Digital Wallet,Takeaway,2023-02-26
Txn_8540499,Cookie,3,1.0,3.0,Cash,In-Store,2023-01-22
Txn_6795640,Cookie,4,1.0,4.0,Digital Wallet,Takeaway,2023-01-28
Txn_6702428,Coffee,5,2.0,10.0,Cash,Takeaway,2023-08-11
Txn_5523450,Salad,5,5.0,25.0,Credit Card,Takeaway,2023-07-02
Txn_7838964,Sandwich,3,4.0,12.0,Credit Card,In-Store,2023-06-15
Txn_7275407,Smoothie,2,4.0,8.0,Digital Wallet,In-Store,2023-10-20
Txn_9472241,Salad,3,5.0,15.0,Cash,Takeaway,2023-06-30
Txn_1846004,Juice,3,3.0,9.0,Cash,In-Store,2023-05-21
Txn_7773968,Sandwich,5,4.0,20.0,Digital Wallet,Takeaway,2023-02-24
Txn_9081088,Tea,2,1.5,3.0,Cash,Takeaway,2023-02-27
Txn_1130191,Smoothie,2,4.0,8.0,Cash,In-Store,2023-04-06
Txn_1040764,Coffee,3,2.0,6.0,Cash,Takeaway,2023-07-27
Txn_2100697,Coffee,3,2.0,6.0,Digital Wallet,Takeaway,2023-09-19
Txn_4134594,Sandwich,3,4.0,12.0,Digital Wallet,In-Store,2023-09-27
Txn_5079340,Cookie,4,1.0,4.0,Cash,In-Store,2023-08-18
Txn_1380601,Tea,4,1.5,6.0,Digital Wallet,In-Store,2023-03-11
Txn_2052395,Smoothie,3,4.0,12.0,Credit Card,In-Store,2023-07-06
Txn_8256593,Salad,2,5.0,10.0,Digital Wallet,Takeaway,2023-08-09
Txn_9271457,Cake,3,3.0,9.0,Digital Wallet,In-Store,2023-02-27
Txn_5392603,Coffee,1,2.0,2.0,Cash,In-Store,2023-05-14
Txn_9263299,Cookie,2,1.0,2.0,Credit Card,Takeaway,2023-10-08
Txn_1436343,Cookie,1,1.0,1.0,Credit Card,In-Store,2023-11-26
Txn_7480234,Salad,1,5.0,5.0,Cash,Takeaway,2023-05-10
Txn_1454467,Juice,3,3.0,9.0,Cash,In-Store,2023-03-15
Txn_8224079,Cookie,5,1.0,5.0,Cash,In-Store,2023-10-16
Txn_1916339,Cake,1,3.0,3.0,Cash,In-Store,2023-07-15
Txn_8611035,Sandwich,5,4.0,20.0,Digital Wallet,In-Store,2023-05-28
Txn_3595735,Tea,4,1.5,6.0,Digital Wallet,Takeaway,2023-03-26
Txn_6169633,Salad,4,5.0,20.0,Credit Card,Takeaway,2023-12-20
Txn_4518102,Tea,5,1.5,7.5,Credit Card,In-Store,2023-02-08
Txn_3666858,Cake,4,3.0,12.0,Credit Card,In-Store,2023-12-27
Txn_5499915,Cookie,2,1.0,2.0,Digital Wallet,Takeaway,2023-02-01
Txn_1564754,Salad,3,5.0,15.0,Digital Wallet,In-Store,2023-03-14
Txn_1824506,Cake,1,3.0,3.0,Cash,In-Store,2023-03-02
Txn_1002457,Cookie,5,1.0,5.0,Digital Wallet,Takeaway,2023-09-29
Txn_4732351,Sandwich,1,4.0,4.0,Digital Wallet,In-Store,2023-04-22
Txn_4980036,Cake,2,3.0,6.0,Cash,Takeaway,2023-01-05
Txn_3022839,Coffee,5,2.0,10.0,Digital Wallet,Takeaway,2023-08-25
Txn_7701070,Coffee,5,2.0,10.0,Credit Card,Takeaway,2023-07-28
Txn_8048037,Sandwich,2,4.0,8.0,Digital Wallet,Takeaway,2023-03-31
Txn_1887522,Sandwich,4,4.0,16.0,Cash,In-Store,2023-02-20
Txn_6769465,Juice,5,3.0,15.0,Digital Wallet,In-Store,2023-06-13
Txn_4980282,Cake,1,3.0,3.0,Digital Wallet,In-Store,2023-10-22
Txn_8209125,Cookie,3,1.0,3.0,Credit Card,Takeaway,2023-01-30
Txn_3730415,Cake,4,3.0,12.0,Credit Card,Takeaway,2023-04-09
Txn_4134253,Tea,4,1.5,6.0,Cash,In-Store,2023-10-07
Txn_7558641,Coffee,1,2.0,2.0,Digital Wallet,In-Store,2023-12-22
Txn_3234877,Coffee,4,2.0,8.0,Cash,Takeaway,2023-07-29
Txn_6368719,Cake,4,3.0,12.0,Credit Card,Takeaway,2023-01-03
Txn_8852585,Sandwich,4,4.0,16.0,Credit Card,Takeaway,2023-01-05
Txn_9201010,Salad,1,5.0,5.0,Credit Card,Takeaway,2023-03-15
Txn_3607652,Salad,4,5.0,20.0,Digital Wallet,In-Store,2023-06-05
Txn_8502094,Juice,5,3.0,15.0,Credit Card,In-Store,2023-03-21
Txn_9068244,Sandwich,5,4.0,20.0,Digital Wallet,Takeaway,2023-10-19
Txn_7633490,Cookie,1,1.0,1.0,Cash,Takeaway,2023-10-27
Txn_9292230,Tea,4,1.5,6.0,Credit Card,In-Store,2023-07-14
Txn_8006668,Tea,4,1.5,6.0,Credit Card,In-Store,2023-12-22
Txn_3560062,Cookie,1,1.0,1.0,Cash,In-Store,2023-03-20
Txn_6360132,Sandwich,4,4.0,16.0,Cash,Takeaway,2023-09-16
Txn_7864939,Sandwich,3,4.0,12.0,Digital Wallet,In-Store,2023-08-19
Txn_3740963,Salad,2,5.0,10.0,Digital Wallet,Takeaway,2023-01-22
Txn_6063966,Juice,2,3.0,6.0,Digital Wallet,Takeaway,2023-10-24
Txn_3779640,Tea,1,1.5,1.5,Digital Wallet,In-Store,2023-05-16
Txn_8136881,Salad,3,5.0,15.0,Cash,In-Store,2023-08-28
Txn_3981449,Smoothie,2,4.0,8.0,Cash,In-Store,2023-06-21
Txn_4033802,Tea,3,1.5,4.5,Cash,Takeaway,2023-03-02
Txn_4696439,Cookie,1,1.0,1.0,Cash,In-Store,2023-05-27
Txn_8826983,Smoothie,5,4.0,20.0,Cash,In-Store,2023-01-14
Txn_2947822,Cake,4,3.0,12.0,Digital Wallet,In-Store,2023-10-27
Txn_2493446,Sandwich,1,4.0,4.0,Cash,Takeaway,2023-05-19
Txn_4538354,Juice,3,3.0,9.0,Cash,Takeaway,2023-04-21
Txn_2690314,Tea,5,1.5,7.5,Cash,In-Store,2023-08-10
Txn_2968827,Salad,5,5.0,25.0,Digital Wallet,Takeaway,2023-09-14
Txn_1387401,Cookie,4,1.0,4.0,Cash,In-Store,2023-10-19
Txn_3917193,Juice,5,3.0,15.0,Credit Card,Takeaway,2023-11-17
Txn_2062854,Sandwich,4,4.0,16.0,Digital Wallet,Takeaway,2023-12-01
Txn_5624860,Tea,3,1.5,4.5,Credit Card,Takeaway,2023-08-22
Txn_3381656,Cake,5,3.0,15.0,Cash,Takeaway,2023-10-26
Txn_1183995,Salad,5,5.0,25.0,Digital Wallet,Takeaway,2023-03-28
Txn_7578769,Sandwich,5,4.0,20.0,Digital Wallet,Takeaway,2023-01-30
Txn_3515664,Coffee,2,2.0,4.0,Cash,Takeaway,2023-09-25
Txn_6422433,Sandwich,5,4.0,20.0,Digital Wallet,Takeaway,2023-05-09
Txn_4669664,Cookie,1,1.0,1.0,Digital Wallet,In-Store,2023-12-21
Txn_2213556,Coffee,1,2.0,2.0,Cash,In-Store,2023-05-30
Txn_3826038,Salad,1,5.0,5.0,Cash,Takeaway,2023-10-20
Txn_7380277,Sandwich,4,4.0,16.0,Digital Wallet,Takeaway,2023-04-24
Txn_9266394,Cookie,2,1.0,2.0,Credit Card,In-Store,2023-07-12
Txn_6152588,Coffee,3,2.0,6.0,Cash,Takeaway,2023-11-21
Txn_5739806,Smoothie,3,4.0,12.0,Credit Card,In-Store,2023-09-18
Txn_9228978,Coffee,5,2.0,10.0,Digital Wallet,In-Store,2023-02-09
Txn_1124753,Salad,4,5.0,20.0,Digital Wallet,In-Store,2023-10-19
Txn_7611120,Juice,2,3.0,6.0,Cash,Takeaway,2023-03-30
Txn_6316959,Tea,2,1.5,3.0,Cash,In-Store,2023-11-10
Txn_2265984,Cookie,5,1.0,5.0,Credit Card,Takeaway,2023-10-18
Txn_1123138,Salad,1,5.0,5.0,Cash,In-Store,2023-02-10
Txn_9212503,Salad,2,5.0,10.0,Digital Wallet,Takeaway,2023-10-08
Txn_2806243,Salad,4,5.0,20.0,Digital Wallet,Takeaway,2023-01-14
Txn_3286932,Cookie,1,1.0,1.0,Digital Wallet,Takeaway,2023-07-11
Txn_3481470,Salad,4,5.0,20.0,Credit Card,In-Store,2023-12-24
Txn_3469469,Cookie,1,1.0,1.0,Digital Wallet,In-Store,2023-10-25
Txn_4998786,Cake,5,3.0,15.0,Credit Card,Takeaway,2023-10-25
Txn_2126408,Cookie,3,1.0,3.0,Cash,Takeaway,2023-10-19
Txn_8958593,Juice,5,3.0,15.0,Digital Wallet,In-Store,2023-07-08
Txn_2383598,Sandwich,2,4.0,8.0,Digital Wallet,In-Store,2023-09-19
Txn_2211685,Smoothie,1,4.0,4.0,Credit Card,In-Store,2023-06-06
Txn_5933480,Sandwich,3,4.0,12.0,Digital Wallet,In-Store,2023-09-04
Txn_5447508,Sandwich,3,4.0,12.0,Digital Wallet,Takeaway,2023-06-28
Txn_5686113,Sandwich,5,4.0,20.0,Digital Wallet,In-Store,2023-09-09
Txn_3397609,Smoothie,2,4.0,8.0,Digital Wallet,In-Store,2023-07-22
Txn_9347203,Sandwich,5,4.0,20.0,Cash,In-Store,2023-04-15
Txn_3383926,Cake,3,3.0,9.0,Cash,Takeaway,2023-07-08
Txn_6905718,Salad,5,5.0,25.0,Credit Card,In-Store,2023-02-20
Txn_7993951,Tea,2,1.5,3.0,Digital Wallet,Takeaway,2023-12-14
Txn_9097641,Cake,4,3.0,12.0,Cash,Takeaway,2023-12-16
Txn_8536115,Cake,1,3.0,3.0,Credit Card,Takeaway,2023-07-11
Txn_2915281,Cookie,1,1.0,1.0,Digital Wallet,In-Store,2023-07-01
Txn_3468006,Smoothie,3,4.0,12.0,Credit Card,Takeaway,2023-07-28
Txn_7604541,Juice,4,3.0,12.0,Credit Card,In-Store,2023-04-16
Txn_9238689,Cake,1,3.0,3.0,Digital Wallet,In-Store,2023-03-09
Txn_2601689,Salad,4,5.0,20.0,Digital Wallet,Takeaway,2023-01-14
Txn_6428182,Cake,5,3.0,15.0,Cash,In-Store,2023-11-10
Txn_6830557,Coffee,3,2.0,6.0,Digital Wallet,Takeaway,2023-11-08
Txn_6371264,Smoothie,5,4.0,20.0,Cash,Takeaway,2023-02-27
Txn_9236713,Cookie,5,1.0,5.0,Cash,In-Store,2023-09-13
Txn_4690833,Cake,1,3.0,3.0,Cash,Takeaway,2023-05-23
Txn_7946489,Juice,1,3.0,3.0,Cash,Takeaway,2023-09-11
Txn_8661288,Salad,2,5.0,10.0,Digital Wallet,Takeaway,2023-01-27
Txn_6111710,Salad,3,5.0,15.0,Credit Card,In-Store,2023-06-18
Txn_1773873,Salad,5,5.0,25.0,Credit Card,Takeaway,2023-06-10
Txn_4570711,Sandwich,4,4.0,16.0,Credit Card,In-Store,2023-12-11
Txn_5242469,Coffee,4,2.0,8.0,Credit Card,Takeaway,2023-04-01
Txn_1655100,Cake,4,3.0,12.0,Credit Card,Takeaway,2023-12-20
Txn_1526864,Smoothie,3,4.0,12.0,Digital Wallet,In-Store,2023-01-27
Txn_9866728,Juice,1,3.0,3.0,Cash,In-Store,2023-10-26
Txn_1706201,Coffee,3,2.0,6.0,Credit Card,In-Store,2023-08-23
Txn_2498488,Smoothie,2,4.0,8.0,Digital Wallet,Takeaway,2023-12-06
Txn_4431179,Sandwich,3,4.0,12.0,Digital Wallet,Takeaway,2023-08-13
Txn_2108894,Sandwich,4,4.0,16.0,Credit Card,In-Store,2023-10-30
Txn_6347472,Tea,1,1.5,1.5,Digital Wallet,In-Store,2023-03-22
Txn_8345723,Sandwich,1,4.0,4.0,Digital Wallet,Takeaway,2023-08-27
Txn_2178964,Tea,4,1.5,6.0,Cash,Takeaway,2023-12-25
Txn_6581437,Coffee,5,2.0,10.0,Digital Wallet,Takeaway,2023-10-23
Txn_6128621,Salad,3,5.0,15.0,Digital Wallet,In-Store,2023-11-10
Txn_4512118,Coffee,2,2.0,4.0,Digital Wallet,Takeaway,2023-04-20
Txn_4961655,Juice,5,3.0,15.0,Cash,Takeaway,2023-05-06
Txn_5595352,Juice,1,3.0,3.0,Cash,In-Store,2023-02-20
Txn_1869814,Tea,1,1.5,1.5,Digital Wallet,Takeaway,2023-05-24
Txn_6910915,Tea,4,1.5,6.0,Digital Wallet,Takeaway,2023-05-06
Txn_5229169,Juice,2,3.0,6.0,Credit Card,Takeaway,2023-09-08
Txn_5576265,Smoothie,4,4.0,16.0,Credit Card,Takeaway,2023-04-08
Txn_1046394,Smoothie,1,4.0,4.0,Cash,In-Store,2023-04-29
Txn_2269396,Coffee,3,2.0,6.0,Digital Wallet,In-Store,2023-10-26
Txn_9263967,Cookie,3,1.0,3.0,Credit Card,In-Store,2023-09-14
Txn_2914088,Salad,5,5.0,25.0,Cash,In-Store,2023-03-22
Txn_6571898,Juice,3,3.0,9.0,Digital Wallet,Takeaway,2023-02-02
Txn_2108486,Juice,4,3.0,12.0,Digital Wallet,Takeaway,2023-12-28
Txn_5315441,Smoothie,5,4.0,20.0,Digital Wallet,In-Store,2023-10-31
Txn_9196322,Cookie,4,1.0,4.0,Digital Wallet,In-Store,2023-08-12
Txn_7838465,Sandwich,3,4.0,12.0,Credit Card,Takeaway,2023-06-15
Txn_2447261,Cookie,3,1.0,3.0,Credit Card,Takeaway,2023-10-15
Txn_1460963,Coffee,3,2.0,6.0,Cash,In-Store,2023-02-10
Txn_6691767,Salad,2,5.0,10.0,Cash,Takeaway,2023-02-05
Txn_6932070,Tea,4,1.5,6.0,Credit Card,In-Store,2023-06-10
Txn_4640977,Cookie,3,1.0,3.0,Credit Card,In-Store,2023-02-11
Txn_7896721,Cake,3,3.0,9.0,Credit Card,Takeaway,2023-04-22
Txn_7906197,Sandwich,5,4.0,20.0,Credit Card,In-Store,2023-01-02
Txn_8066743,Tea,3,1.5,4.5,Cash,Takeaway,2023-11-13
Txn_7585348,Cake,3,3.0,9.0,Credit Card,Takeaway,2023-03-16
Txn_4005014,Sandwich,1,4.0,4.0,Digital Wallet,Takeaway,2023-07-10
Txn_4478185,Cake,2,3.0,6.0,Cash,In-Store,2023-08-25
Txn_3461209,Juice,4,3.0,12.0,Credit Card,In-Store,2023-04-26
Txn_1026827,Cookie,4,1.0,4.0,Digital Wallet,In-Store,2023-01-02
Txn_5369555,Juice,4,3.0,12.0,Cash,Takeaway,2023-02-24
Txn_8187656,Tea,4,1.5,6.0,Credit Card,Takeaway,2023-05-01
Txn_6463415,Coffee,3,2.0,6.0,Digital Wallet,In-Store,2023-04-12
Txn_4634772,Juice,3,3.0,9.0,Credit Card,In-Store,2023-01-12
Txn_8034156,Sandwich,1,4.0,4.0,Cash,In-Store,2023-07-22
Txn_2163229,Cookie,4,1.0,4.0,Cash,Takeaway,2023-12-21
Txn_1343750,Cookie,2,1.0,2.0,Digital Wallet,Takeaway,2023-02-15
Txn_8022689,Tea,1,1.5,1.5,Cash,Takeaway,2023-06-15
Txn_2416816,Smoothie,5,4.0,20.0,Digital Wallet,In-Store,2023-10-19
Txn_1778707,Salad,5,5.0,25.0,Credit Card,Takeaway,2023-03-26
Txn_3746260,Smoothie,5,4.0,20.0,Digital Wallet,Takeaway,2023-08-26
Txn_3725837,Coffee,5,2.0,10.0,Cash,In-Store,2023-10-22
Txn_4594922,Salad,2,5.0,10.0,Credit Card,Takeaway,2023-06-19
Txn_5163686,Salad,5,5.0,25.0,Credit Card,In-Store,2023-05-29
Txn_2826603,Salad,2,5.0,10.0,Digital Wallet,Takeaway,2023-06-22
Txn_3760598,Cake,3,3.0,9.0,Digital Wallet,In-Store,2023-10-24
Txn_7679707,Tea,1,1.5,1.5,Credit Card,In-Store,2023-07-22
Txn_5007619,Cake,5,3.0,15.0,Credit Card,In-Store,2023-07-05
Txn_9625287,Juice,2,3.0,6.0,Cash,In-Store,2023-07-08
Txn_7337979,Coffee,1,2.0,2.0,Digital Wallet,In-Store,2023-05-27
Txn_5630457,Smoothie,1,4.0,4.0,Credit Card,Takeaway,2023-03-01
Txn_4487966,Juice,3,3.0,9.0,Cash,In-Store,2023-08-10
Txn_3663712,Tea,4,1.5,6.0,Digital Wallet,Takeaway,2023-09-22
Txn_9140598,Juice,1,3.0,3.0,Digital Wallet,Takeaway,2023-07-10
Txn_3696194,Salad,2,5.0,10.0,Credit Card,In-Store,2023-11-27
Txn_2964638,Salad,2,5.0,10.0,Digital Wallet,In-Store,2023-09-28
Txn_8336656,Salad,5,5.0,25.0,Cash,Takeaway,2023-12-02
Txn_6287890,Tea,5,1.5,7.5,Credit Card,Takeaway,2023-02-07
Txn_5350401,Sandwich,2,4.0,8.0,Digital Wallet,In-Store,2023-10-28
Txn_1866028,Tea,5,1.5,7.5,Credit Card,Takeaway,2023-06-12
Txn_9152264,Cake,1,3.0,3.0,Digital Wallet,Takeaway,2023-03-15
Txn_3794585,Sandwich,1,4.0,4.0,Credit Card,In-Store,2023-02-10
Txn_9890874,Sandwich,5,4.0,20.0,Cash,In-Store,2023-09-02
Txn_6024625,Coffee,5,2.0,10.0,Digital Wallet,Takeaway,2023-09-13
Txn_7470910,Salad,2,5.0,10.0,Cash,In-Store,2023-11-22
Txn_1116119,Smoothie,4,4.0,16.0,Digital Wallet,In-Store,2023-08-07
Txn_3471223,Coffee,1,2.0,2.0,Digital Wallet,In-Store,2023-10-08
Txn_5021925,Tea,4,1.5,6.0,Cash,In-Store,2023-05-07
Txn_7764154,Salad,2,5.0,10.0,Credit Card,Takeaway,2023-12-09
Txn_2178735,Juice,3,3.0,9.0,Credit Card,Takeaway,2023-07-24
Txn_5014959,Cookie,2,1.0,2.0,Credit Card,In-Store,2023-11-28
Txn_5348445,Salad,5,5.0,25.0,Digital Wallet,In-Store,2023-11-15
Txn_7215985,Tea,4,1.5,6.0,Credit Card,In-Store,2023-08-07
Txn_7448296,Cookie,1,1.0,1.0,Credit Card,In-Store,2023-11-15
Txn_1494608,Tea,3,1.5,4.5,Credit Card,In-Store,2023-05-07
Txn_7615147,Sandwich,4,4.0,16.0,Cash,In-Store,2023-05-19
Txn_5892508,Smoothie,1,4.0,4.0,Credit Card,Takeaway,2023-03-21
Txn_5546684,Coffee,1,2.0,2.0,Credit Card,In-Store,2023-10-02
Txn_6402128,Sandwich,4,4.0,16.0,Digital Wallet,In-Store,2023-11-09
Txn_5009706,Sandwich,2,4.0,8.0,Digital Wallet,In-Store,2023-09-20
Txn_3380698,Coffee,3,2.0,6.0,Credit Card,Takeaway,2023-12-15
Txn_1512118,Salad,4,5.0,20.0,Cash,In-Store,2023-03-01
Txn_4033888,Sandwich,2,4.0,8.0,Cash,In-Store,2023-02-04
Txn_7880148,Cake,3,3.0,9.0,Credit Card,Takeaway,2023-12-12
Txn_4187420,Cake,3,3.0,9.0,Digital Wallet,In-Store,2023-01-31
Txn_9553579,Cake,2,3.0,6.0,Credit Card,In-Store,2023-10-03
Txn_3854285,Salad,3,5.0,15.0,Cash,Takeaway,2023-07-18
Txn_5614488,Sandwich,1,4.0,4.0,Credit Card,Takeaway,2023-07-22
Txn_6035534,Salad,4,5.0,20.0,Credit Card,In-Store,2023-12-18
Txn_7201724,Salad,1,5.0,5.0,Cash,Takeaway,2023-03-20
Txn_6113876,Cake,3,3.0,9.0,Cash,In-Store,2023-03-01
Txn_6450138,Cake,1,3.0,3.0,Credit Card,Takeaway,2023-04-13
Txn_7085875,Juice,3,3.0,9.0,Digital Wallet,In-Store,2023-08-23
Txn_6057379,Salad,5,5.0,25.0,Credit Card,Takeaway,2023-03-18
Txn_9313535,Cookie,1,1.0,1.0,Digital Wallet,Takeaway,2023-06-04
Txn_9626053,Salad,1,5.0,5.0,Cash,Takeaway,2023-08-11
Txn_5583534,Cookie,2,1.0,2.0,Cash,Takeaway,2023-10-31
Txn_1438257,Salad,4,5.0,20.0,Credit Card,Takeaway,2023-06-13
Txn_3963927,Sandwich,4,4.0,16.0,Credit Card,In-Store,2023-01-03
Txn_7023528,Tea,5,1.5,7.5,Cash,In-Store,2023-10-28
Txn_9124680,Cookie,2,1.0,2.0,Cash,Takeaway,2023-10-03
Txn_7853635,Salad,3,5.0,15.0,Digital Wallet,Takeaway,2023-02-16
Txn_3516263,Cake,2,3.0,6.0,Digital Wallet,In-Store,2023-09-23
Txn_1591640,Cake,2,3.0,6.0,Cash,In-Store,2023-05-26
Txn_1697018,Juice,4,3.0,12.0,Digital Wallet,In-Store,2023-07-02
Txn_2667225,Salad,2,5.0,10.0,Cash,In-Store,2023-11-21
Txn_9159212,Smoothie,3,4.0,12.0,Digital Wallet,Takeaway,2023-01-12
Txn_3282436,Salad,5,5.0,25.0,Credit Card,In-Store,2023-12-14
Txn_8465274,Cake,3,3.0,9.0,Digital Wallet,Takeaway,2023-02-01
Txn_8330446,Smoothie,3,4.0,12.0,Credit Card,In-Store,2023-08-06
Txn_9769410,Salad,1,5.0,5.0,Cash,In-Store,2023-07-22
Txn_1437083,Smoothie,2,4.0,8.0,Credit Card,In-Store,2023-03-15
Txn_2413626,Cake,1,3.0,3.0,Credit Card,Takeaway,2023-11-06
Txn_3392848,Cake,2,3.0,6.0,Cash,In-Store,2023-04-03
Txn_7027905,Sandwich,1,4.0,4.0,Credit Card,In-Store,2023-07-17
Txn_8808034,Smoothie,2,4.0,8.0,Cash,In-Store,2023-08-09
Txn_1663113,Smoothie,4,4.0,16.0,Credit Card,Takeaway,2023-12-24
Txn_6189334,Sandwich,1,4.0,4.0,Cash,In-Store,2023-01-12
Txn_6908287,Cookie,1,1.0,1.0,Cash,In-Store,2023-08-04
Txn_6829707,Sandwich,1,4.0,4.0,Cash,Takeaway,2023-08-17
Txn_7303706,Coffee,2,2.0,4.0,Cash,In-Store,2023-12-14
Txn_1730647,Juice,5,3.0,15.0,Digital Wallet,In-Store,2023-01-18
Txn_4936135,Coffee,4,2.0,8.0,Cash,In-Store,2023-12-08
Txn_4496665,Sandwich,2,4.0,8.0,Digital Wallet,Takeaway,2023-12-10
Txn_8209794,Coffee,5,2.0,10.0,Credit Card,Takeaway,2023-10-25
Txn_3330687,Cake,5,3.0,15.0,Cash,In-Store,2023-12-26
Txn_5354746,Coffee,4,2.0,8.0,Digital Wallet,Takeaway,2023-03-06
Txn_3736798,Coffee,4,2.0,8.0,Digital Wallet,In-Store,2023-07-01
Txn_6719521,Salad,5,5.0,25.0,Cash,In-Store,2023-08-03
Txn_5386752,Salad,4,5.0,20.0,Digital Wallet,In-Store,2023-12-07
Txn_1022523,Salad,4,5.0,20.0,Cash,In-Store,2023-11-25
Txn_6202015,Cookie,2,1.0,2.0,Credit Card,Takeaway,2023-08-22
Txn_6928137,Cake,3,3.0,9.0,Digital Wallet,In-Store,2023-10-11
Txn_5913013,Cookie,2,1.0,2.0,Credit Card,Takeaway,2023-11-29
Txn_7433269,Tea,1,1.5,1.5,Cash,In-Store,2023-05-18
Txn_4617771,Smoothie,4,4.0,16.0,Digital Wallet,Takeaway,2023-09-10
Txn_1741325,Tea,2,1.5,3.0,Credit Card,In-Store,2023-03-31
Txn_9983356,Sandwich,2,4.0,8.0,Digital Wallet,Takeaway,2023-09-20
Txn_8964527,Sandwich,4,4.0,16.0,Digital Wallet,Takeaway,2023-02-22
Txn_9408993,Sandwich,1,4.0,4.0,Digital Wallet,In-Store,2023-08-19
Txn_7810285,Cake,4,3.0,12.0,Cash,Takeaway,2023-10-25
Txn_1961595,Smoothie,5,4.0,20.0,Digital Wallet,In-Store,2023-07-02
Txn_4179561,Cookie,2,1.0,2.0,Digital Wallet,In-Store,2023-11-12
Txn_9056301,Cookie,2,1.0,2.0,Credit Card,Takeaway,2023-03-02
Txn_6910030,Coffee,4,2.0,8.0,Digital Wallet,Takeaway,2023-07-09
Txn_7609781,Smoothie,3,4.0,12.0,Cash,In-Store,2023-03-13
Txn_8398059,Cake,1,3.0,3.0,Cash,Takeaway,2023-10-15
Txn_1792573,Smoothie,5,4.0,20.0,Cash,Takeaway,2023-12-07
Txn_9991225,Cake,5,3.0,15.0,Credit Card,Takeaway,2023-02-03
Txn_8734476,Tea,1,1.5,1.5,Cash,Takeaway,2023-09-12
Txn_6471962,Sandwich,4,4.0,16.0,Cash,Takeaway,2023-09-21
Txn_4792702,Sandwich,1,4.0,4.0,Cash,Takeaway,2023-06-28
Txn_3572190,Coffee,5,2.0,10.0,Credit Card,Takeaway,2023-03-05
Txn_6791398,Coffee,1,2.0,2.0,Credit Card,Takeaway,2023-12-17
Txn_8361255,Cake,3,3.0,9.0,Cash,Takeaway,2023-07-29
Txn_6078834,Smoothie,1,4.0,4.0,Digital Wallet,Takeaway,2023-04-28
Txn_8186625,Cookie,1,1.0,1.0,Digital Wallet,Takeaway,2023-07-21
Txn_2946829,Cookie,2,1.0,2.0,Digital Wallet,Takeaway,2023-02-08
Txn_8750849,Cake,2,3.0,6.0,Credit Card,Takeaway,2023-03-03
Txn_1973716,Salad,4,5.0,20.0,Credit Card,In-Store,2023-01-21
Txn_1105589,Coffee,5,2.0,10.0,Cash,Takeaway,2023-07-04
Txn_4988665,Cake,1,3.0,3.0,Digital Wallet,Takeaway,2023-12-16
Txn_5412834,Smoothie,4,4.0,16.0,Cash,Takeaway,2023-07-13
Txn_1389258,Salad,1,5.0,5.0,Cash,Takeaway,2023-12-31
Txn_8076559,Cake,5,3.0,15.0,Cash,Takeaway,2023-11-02
Txn_4310310,Cake,3,3.0,9.0,Cash,Takeaway,2023-03-08
Txn_6411716,Cake,4,3.0,12.0,Credit Card,In-Store,2023-02-25
Txn_1154979,Coffee,3,2.0,6.0,Credit Card,In-Store,2023-12-11
Txn_6129205,Sandwich,5,4.0,20.0,Cash,In-Store,2023-07-20
Txn_4832513,Cookie,5,1.0,5.0,Credit Card,In-Store,2023-06-05
Txn_4356223,Salad,3,5.0,15.0,Digital Wallet,Takeaway,2023-11-23
Txn_2471972,Cookie,1,1.0,1.0,Cash,Takeaway,2023-04-08
Txn_6555617,Salad,2,5.0,10.0,Digital Wallet,Takeaway,2023-12-27
Txn_6899834,Cake,3,3.0,9.0,Credit Card,Takeaway,2023-01-27
Txn_7538570,Smoothie,4,4.0,16.0,Credit Card,Takeaway,2023-04-18
Txn_8789116,Salad,5,5.0,25.0,Digital Wallet,Takeaway,2023-01-13
Txn_8930109,Cookie,5,1.0,5.0,Digital Wallet,Takeaway,2023-05-17
Txn_9799798,Coffee,5,2.0,10.0,Credit Card,Takeaway,2023-05-23
Txn_1681153,Juice,3,3.0,9.0,Cash,Takeaway,2023-02-09
Txn_4255503,Coffee,3,2.0,6.0,Digital Wallet,Takeaway,2023-11-19
Txn_2385697,Coffee,1,2.0,2.0,Cash,Takeaway,2023-09-10
Txn_9151321,Sandwich,4,4.0,16.0,Cash,In-Store,2023-01-05
Txn_1602799,Cake,4,3.0,12.0,Digital Wallet,Takeaway,2023-03-23
Txn_9579181,Sandwich,1,4.0,4.0,Digital Wallet,In-Store,2023-05-24
Txn_1388606,Cake,3,3.0,9.0,Digital Wallet,Takeaway,2023-08-31
Txn_2336857,Cake,3,3.0,9.0,Cash,In-Store,2023-08-02
Txn_9526867,Cookie,2,1.0,2.0,Digital Wallet,Takeaway,2023-10-21
Txn_5792655,Juice,1,3.0,3.0,Digital Wallet,Takeaway,2023-12-21
Txn_7782538,Juice,2,3.0,6.0,Digital Wallet,Takeaway,2023-08-15
Txn_6404763,Sandwich,5,4.0,20.0,Digital Wallet,Takeaway,2023-11-13
Txn_4915908,Sandwich,5,4.0,20.0,Credit Card,In-Store,2023-06-06
Txn_7043825,Juice,2,3.0,6.0,Cash,Takeaway,2023-02-07
Txn_5788769,Juice,1,3.0,3.0,Cash,In-Store,2023-07-19
Txn_5856820,Tea,2,1.5,3.0,Credit Card,Takeaway,2023-07-18
Txn_9354616,Tea,4,1.5,6.0,Digital Wallet,Takeaway,2023-01-27
Txn_5268203,Cake,1,3.0,3.0,Credit Card,Takeaway,2023-03-04
Txn_5226635,Cookie,4,1.0,4.0,Credit Card,Takeaway,2023-02-01
Txn_9278992,Smoothie,4,4.0,16.0,Cash,Takeaway,2023-12-15
Txn_4369292,Cake,1,3.0,3.0,Credit Card,Takeaway,2023-10-09
Txn_3912727,Tea,5,1.5,7.5,Digital Wallet,Takeaway,2023-04-13
Txn_6983139,Salad,2,5.0,10.0,Credit Card,Takeaway,2023-12-18
Txn_5977414,Cake,2,3.0,6.0,Credit Card,In-Store,2023-08-06
Txn_8550184,Juice,3,3.0,9.0,Digital Wallet,Takeaway,2023-04-05
Txn_6962242,Juice,1,3.0,3.0,Digital Wallet,Takeaway,2023-06-30
Txn_4548466,Tea,4,1.5,6.0,Credit Card,Takeaway,2023-11-30
Txn_5944206,Cookie,5,1.0,5.0,Digital Wallet,Takeaway,2023-05-12
Txn_9212178,Juice,1,3.0,3.0,Credit Card,Takeaway,2023-11-18
Txn_9201212,Smoothie,4,4.0,16.0,Digital Wallet,Takeaway,2023-06-08
Txn_7055260,Sandwich,4,4.0,16.0,Digital Wallet,In-Store,2023-06-20
Txn_1757340,Cake,2,3.0,6.0,Credit Card,In-Store,2023-12-29
Txn_9390740,Cake,2,3.0,6.0,Cash,In-Store,2023-12-06
Txn_1082421,Salad,1,5.0,5.0,Digital Wallet,In-Store,2023-12-19
Txn_6451377,Salad,5,5.0,25.0,Credit Card,Takeaway,2023-03-19
Txn_2142961,Coffee,5,2.0,10.0,Credit Card,Takeaway,2023-09-21
Txn_5575561,Tea,4,1.5,6.0,Digital Wallet,Takeaway,2023-02-13
Txn_1007347,Salad,4,5.0,20.0,Digital Wallet,In-Store,2023-08-28
Txn_6731518,Cookie,1,1.0,1.0,Digital Wallet,Takeaway,2023-12-04
Txn_3455702,Salad,1,5.0,5.0,Cash,Takeaway,2023-03-23
Txn_7794561,Juice,4,3.0,12.0,Credit Card,In-Store,2023-05-18
Txn_7688625,Coffee,1,2.0,2.0,Credit Card,In-Store,2023-12-15
Txn_8831924,Coffee,3,2.0,6.0,Digital Wallet,In-Store,2023-07-12
Txn_1360998,Cookie,2,1.0,2.0,Cash,Takeaway,2023-07-30
Txn_9047278,Tea,4,1.5,6.0,Credit Card,Takeaway,2023-06-20
Txn_4516901,Tea,2,1.5,3.0,Credit Card,In-Store,2023-09-05
Txn_6817795,Tea,1,1.5,1.5,Cash,Takeaway,2023-09-12
Txn_6809170,Smoothie,4,4.0,16.0,Cash,Takeaway,2023-08-10
Txn_7365744,Cookie,4,1.0,4.0,Cash,In-Store,2023-08-20
Txn_9847116,Salad,3,5.0,15.0,Cash,Takeaway,2023-07-28
Txn_8356338,Salad,5,5.0,25.0,Credit Card,In-Store,2023-08-06
Txn_4413506,Juice,4,3.0,12.0,Digital Wallet,In-Store,2023-10-29
Txn_4737392,Sandwich,2,4.0,8.0,Cash,In-Store,2023-02-17
Txn_9538738,Coffee,4,2.0,8.0,Cash,In-Store,2023-09-25
Txn_1854102,Coffee,2,2.0,4.0,Digital Wallet,Takeaway,2023-07-18
Txn_8837375,Sandwich,2,4.0,8.0,Digital Wallet,Takeaway,2023-11-21
Txn_7950226,Tea,1,1.5,1.5,Digital Wallet,In-Store,2023-10-13
Txn_9086541,Salad,3,5.0,15.0,Cash,In-Store,2023-02-15
Txn_8017969,Juice,1,3.0,3.0,Cash,Takeaway,2023-03-26
Txn_6667388,Cake,3,3.0,9.0,Cash,In-Store,2023-08-14
Txn_9425645,Cake,3,3.0,9.0,Credit Card,Takeaway,2023-03-19
Txn_6747376,Smoothie,3,4.0,12.0,Digital Wallet,In-Store,2023-11-20
Txn_2062269,Juice,4,3.0,12.0,Digital Wallet,Takeaway,2023-09-08
Txn_8313892,Salad,3,5.0,15.0,Credit Card,Takeaway,2023-11-29
Txn_6712994,Coffee,3,2.0,6.0,Cash,Takeaway,2023-10-02
Txn_6257776,Juice,5,3.0,15.0,Cash,In-Store,2023-10-28
Txn_6073195,Sandwich,3,4.0,12.0,Credit Card,Takeaway,2023-09-13
Txn_4291132,Cake,2,3.0,6.0,Credit Card,Takeaway,2023-08-07
Txn_1622123,Cookie,2,1.0,2.0,Cash,Takeaway,2023-01-05
Txn_2878078,Cake,2,3.0,6.0,Digital Wallet,Takeaway,2023-12-15
Txn_7134579,Cookie,5,1.0,5.0,Digital Wallet,Takeaway,2023-06-06
Txn_6921057,Sandwich,4,4.0,16.0,Digital Wallet,Takeaway,2023-07-10
Txn_2335088,Salad,4,5.0,20.0,Cash,In-Store,2023-10-27
Txn_9778859,Cookie,3,1.0,3.0,Cash,Takeaway,2023-06-05
Txn_6386662,Salad,5,5.0,25.0,Credit Card,Takeaway,2023-12-04
Txn_5491825,Cake,4,3.0,12.0,Cash,In-Store,2023-06-09
Txn_3326110,Coffee,2,2.0,4.0,Credit Card,Takeaway,2023-08-13
Txn_5455079,Salad,2,5.0,10.0,Cash,In-Store,2023-11-30
Txn_5526475,Tea,4,1.5,6.0,Cash,In-Store,2023-05-06
Txn_3800253,Cake,2,3.0,6.0,Cash,Takeaway,2023-01-15
Txn_4134478,Juice,2,3.0,6.0,Credit Card,Takeaway,2023-06-25
Txn_7296498,Salad,5,5.0,25.0,Credit Card,Takeaway,2023-05-19
Txn_2488987,Tea,5,1.5,7.5,Cash,In-Store,2023-06-12
Txn_1865735,Smoothie,2,4.0,8.0,Digital Wallet,In-Store,2023-09-22
Txn_5303275,Cookie,4,1.0,4.0,Cash,Takeaway,2023-09-18
Txn_9316158,Sandwich,5,4.0,20.0,Cash,In-Store,2023-10-31
Txn_8207244,Tea,5,1.5,7.5,Cash,Takeaway,2023-05-04
Txn_2814866,Smoothie,1,4.0,4.0,Digital Wallet,In-Store,2023-07-29
Txn_2560137,Cake,1,3.0,3.0,Cash,Takeaway,2023-10-13
Txn_7350571,Smoothie,1,4.0,4.0,Credit Card,In-Store,2023-02-19
Txn_3915802,Coffee,3,2.0,6.0,Cash,Takeaway,2023-12-16
Txn_2493262,Cookie,2,1.0,2.0,Credit Card,Takeaway,2023-01-03
Txn_6038791,Juice,2,3.0,6.0,Digital Wallet,In-Store,2023-03-06
Txn_1335337,Tea,3,1.5,4.5,Credit Card,In-Store,2023-09-06
Txn_7730388,Cookie,5,1.0,5.0,Digital Wallet,In-Store,2023-09-09
Txn_6363897,Salad,5,5.0,25.0,Credit Card,Takeaway,2023-11-26
Txn_1893222,Smoothie,5,4.0,20.0,Credit Card,In-Store,2023-12-20
Txn_5624179,Cookie,1,1.0,1.0,Cash,Takeaway,2023-10-26
Txn_3450160,Cake,4,3.0,12.0,Credit Card,In-Store,2023-10-23
Txn_4075432,Sandwich,5,4.0,20.0,Cash,In-Store,2023-09-12
Txn_2023802,Cake,2,3.0,6.0,Cash,In-Store,2023-02-28
Txn_8182245,Sandwich,5,4.0,20.0,Digital Wallet,Takeaway,2023-10-24
Txn_3970335,Juice,5,3.0,15.0,Digital Wallet,Takeaway,2023-09-01
Txn_7100596,Smoothie,5,4.0,20.0,Credit Card,In-Store,2023-09-14
Txn_1481116,Tea,2,1.5,3.0,Digital Wallet,In-Store,2023-02-26
Txn_9454212,Juice,5,3.0,15.0,Cash,In-Store,2023-11-19
Txn_3648327,Cake,1,3.0,3.0,Digital Wallet,Takeaway,2023-08-17
Txn_6188394,Juice,5,3.0,15.0,Credit Card,In-Store,2023-10-05
Txn_2553803,Juice,1,3.0,3.0,Cash,In-Store,2023-12-29
Txn_8018479,Tea,1,1.5,1.5,Digital Wallet,Takeaway,2023-09-15
Txn_3046108,Tea,5,1.5,7.5,Digital Wallet,Takeaway,2023-01-15
Txn_4454198,Tea,1,1.5,1.5,Digital Wallet,In-Store,2023-08-22
Txn_5855756,Sandwich,1,4.0,4.0,Credit Card,In-Store,2023-08-29
Txn_6758675,Juice,1,3.0,3.0,Credit Card,In-Store,2023-11-05
Txn_7681072,Cookie,1,1.0,1.0,Credit Card,Takeaway,2023-07-07
Txn_8789986,Cake,2,3.0,6.0,Cash,Takeaway,2023-09-21
Txn_8382825,Coffee,5,2.0,10.0,Cash,In-Store,2023-01-20
Txn_4486700,Cake,2,3.0,6.0,Digital Wallet,Takeaway,2023-02-08
Txn_5085328,Coffee,4,2.0,8.0,Digital Wallet,Takeaway,2023-02-03
Txn_6191769,Salad,1,5.0,5.0,Credit Card,Takeaway,2023-05-17
Txn_6110386,Smoothie,1,4.0,4.0,Cash,In-Store,2023-03-17
Txn_8257774,Cookie,5,1.0,5.0,Cash,Takeaway,2023-03-04
Txn_1225638,Cake,4,3.0,12.0,Cash,Takeaway,2023-05-28
Txn_5508620,Sandwich,2,4.0,8.0,Cash,In-Store,2023-08-26
Txn_7864080,Tea,5,1.5,7.5,Credit Card,Takeaway,2023-11-12
Txn_2463115,Sandwich,5,4.0,20.0,Credit Card,Takeaway,2023-09-12
Txn_6762172,Coffee,5,2.0,10.0,Cash,Takeaway,2023-01-19
Txn_5591967,Sandwich,1,4.0,4.0,Credit Card,Takeaway,2023-04-08
Txn_5861158,Sandwich,3,4.0,12.0,Credit Card,Takeaway,2023-11-21
Txn_2848654,Smoothie,5,4.0,20.0,Digital Wallet,In-Store,2023-03-15
Txn_3034652,Juice,5,3.0,15.0,Credit Card,In-Store,2023-11-04
Txn_6607568,Coffee,2,2.0,4.0,Cash,In-Store,2023-03-24
Txn_9837568,Salad,5,5.0,25.0,Cash,In-Store,2023-04-17
Txn_9425610,Sandwich,3,4.0,12.0,Cash,In-Store,2023-01-08
Txn_9749333,Cookie,5,1.0,5.0,Cash,In-Store,2023-02-27
Txn_7376092,Cookie,4,1.0,4.0,Cash,In-Store,2023-11-07
Txn_8278982,Smoothie,5,4.0,20.0,Credit Card,Takeaway,2023-09-06
Txn_7686476,Coffee,3,2.0,6.0,Digital Wallet,Takeaway,2023-01-03
Txn_3981000,Tea,1,1.5,1.5,Digital Wallet,In-Store,2023-05-24
Txn_7367474,Juice,5,3.0,15.0,Digital Wallet,Takeaway,2023-01-01
Txn_1498343,Salad,2,5.0,10.0,Credit Card,Takeaway,2023-03-31
Txn_3107619,Cookie,2,1.0,2.0,Digital Wallet,Takeaway,2023-05-31
Txn_7411993,Cake,2,3.0,6.0,Digital Wallet,In-Store,2023-02-11
Txn_4679593,Juice,1,3.0,3.0,Cash,In-Store,2023-01-10
Txn_1630051,Smoothie,5,4.0,20.0,Digital Wallet,Takeaway,2023-03-17
Txn_2566258,Cookie,4,1.0,4.0,Cash,Takeaway,2023-06-08
Txn_4864206,Cookie,5,1.0,5.0,Cash,In-Store,2023-03-18
Txn_5113993,Coffee,1,2.0,2.0,Credit Card,Takeaway,2023-02-10
Txn_2192787,Sandwich,5,4.0,20.0,Cash,In-Store,2023-01-01
Txn_2127588,Cake,4,3.0,12.0,Cash,In-Store,2023-07-17
Txn_5538713,Cookie,2,1.0,2.0,Digital Wallet,Takeaway,2023-09-20
Txn_2565449,Smoothie,3,4.0,12.0,Credit Card,In-Store,2023-10-04
Txn_9224501,Salad,5,5.0,25.0,Credit Card,In-Store,2023-12-08
Txn_5767393,Smoothie,3,4.0,12.0,Digital Wallet,In-Store,2023-09-11
Txn_9287133,Cake,5,3.0,15.0,Digital Wallet,In-Store,2023-04-20
Txn_7134064,Smoothie,5,4.0,20.0,Credit Card,Takeaway,2023-04-04
Txn_5486063,Smoothie,3,4.0,12.0,Cash,In-Store,2023-05-21
Txn_2285849,Tea,2,1.5,3.0,Credit Card,Takeaway,2023-09-10
Txn_9577271,Sandwich,5,4.0,20.0,Cash,In-Store,2023-09-30
Txn_2624121,Tea,5,1.5,7.5,Digital Wallet,In-Store,2023-01-28
Txn_7868879,Sandwich,4,4.0,16.0,Cash,Takeaway,2023-05-02
Txn_6243519,Coffee,3,2.0,6.0,Cash,Takeaway,2023-03-03
Txn_8668901,Juice,2,3.0,6.0,Credit Card,Takeaway,2023-06-30
Txn_4903004,Tea,4,1.5,6.0,Digital Wallet,In-Store,2023-12-03
Txn_2195218,Cake,4,3.0,12.0,Digital Wallet,In-Store,2023-09-10
Txn_7362525,Cake,5,3.0,15.0,Cash,Takeaway,2023-06-09
Txn_8753888,Cookie,4,1.0,4.0,Credit Card,Takeaway,2023-12-25
Txn_8956534,Coffee,5,2.0,10.0,Cash,Takeaway,2023-06-05
Txn_7957208,Tea,1,1.5,1.5,Digital Wallet,Takeaway,2023-04-14
Txn_1749105,Sandwich,5,4.0,20.0,Cash,In-Store,2023-10-17
Txn_1248266,Salad,3,5.0,15.0,Credit Card,In-Store,2023-10-14
Txn_5331122,Salad,4,5.0,20.0,Credit Card,In-Store,2023-09-26
Txn_1227800,Juice,3,3.0,9.0,Cash,Takeaway,2023-02-19
Txn_2699583,Sandwich,5,4.0,20.0,Digital Wallet,In-Store,2023-07-26
Txn_2156218,Smoothie,2,4.0,8.0,Digital Wallet,In-Store,2023-07-24
Txn_4894699,Cookie,2,1.0,2.0,Digital Wallet,In-Store,2023-02-20
Txn_8631468,Cake,1,3.0,3.0,Credit Card,In-Store,2023-10-10
Txn_2378096,Tea,3,1.5,4.5,Cash,Takeaway,2023-09-22
Txn_3620110,Coffee,1,2.0,2.0,Digital Wallet,Takeaway,2023-06-01
Txn_1005331,Coffee,1,2.0,2.0,Digital Wallet,Takeaway,2023-11-04
Txn_1579182,Juice,5,3.0,15.0,Cash,In-Store,2023-02-20
Txn_9298053,Juice,5,3.0,15.0,Cash,In-Store,2023-06-29
Txn_6236864,Tea,2,1.5,3.0,Digital Wallet,In-Store,2023-08-17
Txn_7201361,Smoothie,3,4.0,12.0,Cash,In-Store,2023-05-26
Txn_2229365,Sandwich,2,4.0,8.0,Cash,In-Store,2023-09-07
Txn_5563675,Tea,3,1.5,4.5,Digital Wallet,In-Store,2023-01-01
Txn_7907499,Juice,3,3.0,9.0,Digital Wallet,Takeaway,2023-04-18
Txn_8360073,Cake,4,3.0,12.0,Digital Wallet,In-Store,2023-06-15
Txn_2690515,Sandwich,2,4.0,8.0,Cash,Takeaway,2023-09-06
Txn_2080682,Coffee,3,2.0,6.0,Credit Card,In-Store,2023-05-02
Txn_5661891,Salad,1,5.0,5.0,Digital Wallet,Takeaway,2023-10-28
Txn_9834415,Cookie,2,1.0,2.0,Credit Card,In-Store,2023-12-28
Txn_4002629,Cake,5,3.0,15.0,Credit Card,In-Store,2023-06-15
Txn_4735392,Smoothie,3,4.0,12.0,Credit Card,Takeaway,2023-04-04
Txn_8410712,Juice,5,3.0,15.0,Digital Wallet,Takeaway,2023-10-23
Txn_6009395,Sandwich,4,4.0,16.0,Cash,In-Store,2023-07-20
Txn_3733753,Sandwich,1,4.0,4.0,Digital Wallet,Takeaway,2023-03-10
Txn_4084548,Salad,2,5.0,10.0,Cash,In-Store,2023-07-21
Txn_7125945,Cake,3,3.0,9.0,Credit Card,In-Store,2023-01-30
Txn_5435751,Sandwich,1,4.0,4.0,Credit Card,Takeaway,2023-05-24
Txn_6885561,Smoothie,3,4.0,12.0,Digital Wallet,Takeaway,2023-06-24
Txn_6304285,Cake,5,3.0,15.0,Digital Wallet,Takeaway,2023-11-16
Txn_3653328,Cookie,4,1.0,4.0,Digital Wallet,In-Store,2023-06-27
Txn_1270603,Juice,4,3.0,12.0,Credit Card,Takeaway,2023-12-03
Txn_7770253,Coffee,5,2.0,10.0,Digital Wallet,Takeaway,2023-01-06
Txn_9695128,Cake,1,3.0,3.0,Cash,In-Store,2023-12-21
Txn_4371760,Smoothie,2,4.0,8.0,Cash,In-Store,2023-01-12
Txn_3023841,Tea,3,1.5,4.5,Digital Wallet,Takeaway,2023-04-29
Txn_8793244,Cake,4,3.0,12.0,Credit Card,Takeaway,2023-05-08
Txn_5448602,Juice,3,3.0,9.0,Credit Card,In-Store,2023-01-17
Txn_1346517,Coffee,1,2.0,2.0,Digital Wallet,Takeaway,2023-03-20
Txn_9277534,Smoothie,2,4.0,8.0,Credit Card,In-Store,2023-04-25
Txn_6145837,Cake,5,3.0,15.0,Digital Wallet,Takeaway,2023-08-27
Txn_5067056,Sandwich,1,4.0,4.0,Cash,In-Store,2023-08-13
Txn_8626161,Smoothie,3,4.0,12.0,Digital Wallet,In-Store,2023-11-23
Txn_7099050,Salad,3,5.0,15.0,Credit Card,Takeaway,2023-01-18
Txn_9565465,Tea,3,1.5,4.5,Credit Card,In-Store,2023-12-26
Txn_6301600,Juice,4,3.0,12.0,Digital Wallet,In-Store,2023-02-28
Txn_4784128,Sandwich,3,4.0,12.0,Cash,Takeaway,2023-08-27
Txn_5560205,Coffee,3,2.0,6.0,Cash,In-Store,2023-12-22
Txn_6119798,Salad,1,5.0,5.0,Credit Card,In-Store,2023-09-19
Txn_9793353,Coffee,3,2.0,6.0,Credit Card,Takeaway,2023-08-21
Txn_2064360,Coffee,4,2.0,8.0,Digital Wallet,In-Store,2023-08-30
Txn_2564219,Salad,1,5.0,5.0,Digital Wallet,Takeaway,2023-07-18
Txn_4488222,Tea,3,1.5,4.5,Digital Wallet,Takeaway,2023-03-13
Txn_9853577,Sandwich,2,4.0,8.0,Credit Card,In-Store,2023-04-30
Txn_1672443,Coffee,1,2.0,2.0,Credit Card,Takeaway,2023-10-03
Txn_6277500,Coffee,4,2.0,8.0,Credit Card,Takeaway,2023-01-09
Txn_6671827,Salad,1,5.0,5.0,Credit Card,Takeaway,2023-08-09
Txn_5894676,Smoothie,5,4.0,20.0,Credit Card,Takeaway,2023-06-17
Txn_1411744,Smoothie,4,4.0,16.0,Credit Card,Takeaway,2023-09-17
Txn_4030197,Salad,3,5.0,15.0,Credit Card,Takeaway,2023-03-05
Txn_3912836,Salad,1,5.0,5.0,Credit Card,In-Store,2023-11-23
Txn_3833729,Smoothie,4,4.0,16.0,Digital Wallet,In-Store,2023-11-13
Txn_7054393,Coffee,2,2.0,4.0,Digital Wallet,In-Store,2023-05-30
Txn_1395083,Juice,1,3.0,3.0,Cash,In-Store,2023-07-08
Txn_8784653,Smoothie,1,4.0,4.0,Cash,In-Store,2023-09-12
Txn_8308672,Salad,2,5.0,10.0,Digital Wallet,Takeaway,2023-01-01
Txn_3190959,Tea,2,1.5,3.0,Credit Card,Takeaway,2023-12-16
Txn_6117497,Coffee,2,2.0,4.0,Digital Wallet,In-Store,2023-02-13
Txn_3818464,Cake,2,3.0,6.0,Cash,In-Store,2023-03-02
Txn_7415686,Sandwich,3,4.0,12.0,Credit Card,In-Store,2023-04-13
Txn_7231548,Smoothie,3,4.0,12.0,Credit Card,In-Store,2023-11-06
Txn_5956755,Sandwich,5,4.0,20.0,Digital Wallet,Takeaway,2023-03-05
Txn_8002886,Coffee,5,2.0,10.0,Digital Wallet,Takeaway,2023-05-28
Txn_7694491,Salad,3,5.0,15.0,Cash,In-Store,2023-09-01
Txn_2764962,Tea,2,1.5,3.0,Credit Card,Takeaway,2023-08-13
Txn_1491299,Juice,2,3.0,6.0,Credit Card,In-Store,2023-02-27
Txn_3277379,Salad,2,5.0,10.0,Credit Card,Takeaway,2023-01-06
Txn_2568101,Salad,5,5.0,25.0,Cash,Takeaway,2023-08-03
Txn_3247340,Tea,3,1.5,4.5,Cash,Takeaway,2023-12-25
Txn_4064245,Juice,3,3.0,9.0,Credit Card,Takeaway,2023-02-20
Txn_8777692,Coffee,4,2.0,8.0,Credit Card,In-Store,2023-12-06
Txn_6626427,Cookie,4,1.0,4.0,Digital Wallet,In-Store,2023-02-13
Txn_4824773,Salad,5,5.0,25.0,Cash,Takeaway,2023-06-06
Txn_4563646,Juice,5,3.0,15.0,Cash,Takeaway,2023-10-10
Txn_1738607,Juice,2,3.0,6.0,Credit Card,In-Store,2023-01-17
Txn_3927733,Salad,5,5.0,25.0,Credit Card,Takeaway,2023-01-20
Txn_9489176,Juice,5,3.0,15.0,Digital Wallet,In-Store,2023-01-10
Txn_3061266,Cookie,4,1.0,4.0,Credit Card,In-Store,2023-12-06
Txn_7217284,Salad,3,5.0,15.0,Cash,In-Store,2023-12-29
Txn_8397155,Salad,4,5.0,20.0,Credit Card,Takeaway,2023-08-16
Txn_4301188,Smoothie,4,4.0,16.0,Credit Card,In-Store,2023-12-23
Txn_7865220,Smoothie,1,4.0,4.0,Credit Card,Takeaway,2023-06-28
Txn_9270865,Smoothie,2,4.0,8.0,Credit Card,Takeaway,2023-11-06
Txn_1248436,Cake,4,3.0,12.0,Credit Card,Takeaway,2023-08-14
Txn_5413274,Smoothie,5,4.0,20.0,Credit Card,In-Store,2023-02-10
Txn_5902629,Cookie,3,1.0,3.0,Cash,Takeaway,2023-01-26
Txn_6629689,Sandwich,2,4.0,8.0,Credit Card,In-Store,2023-05-29
Txn_2345373,Tea,3,1.5,4.5,Credit Card,Takeaway,2023-02-20
Txn_1108663,Juice,3,3.0,9.0,Cash,Takeaway,2023-08-16
Txn_9587015,Salad,3,5.0,15.0,Digital Wallet,In-Store,2023-06-25
Txn_6915899,Salad,3,5.0,15.0,Credit Card,In-Store,2023-05-29
Txn_5198524,Cake,1,3.0,3.0,Credit Card,In-Store,2023-06-14
Txn_6786340,Coffee,5,2.0,10.0,Digital Wallet,Takeaway,2023-04-18
Txn_8689246,Sandwich,5,4.0,20.0,Credit Card,In-Store,2023-05-16
Txn_1730850,Juice,2,3.0,6.0,Cash,Takeaway,2023-12-15
Txn_9833245,Cookie,1,1.0,1.0,Digital Wallet,Takeaway,2023-04-30
Txn_8792638,Tea,3,1.5,4.5,Credit Card,Takeaway,2023-07-02
Txn_3493951,Smoothie,5,4.0,20.0,Cash,Takeaway,2023-08-20
Txn_8878830,Coffee,4,2.0,8.0,Credit Card,Takeaway,2023-10-11
Txn_3303114,Salad,4,5.0,20.0,Credit Card,In-Store,2023-06-18
Txn_2106437,Tea,1,1.5,1.5,Cash,Takeaway,2023-08-01
Txn_2291713,Salad,4,5.0,20.0,Cash,In-Store,2023-08-06
Txn_6725579,Tea,2,1.5,3.0,Credit Card,Takeaway,2023-02-21
Txn_6845225,Tea,4,1.5,6.0,Credit Card,Takeaway,2023-02-21
Txn_9798525,Coffee,2,2.0,4.0,Digital Wallet,Takeaway,2023-11-05
Txn_1482123,Coffee,1,2.0,2.0,Cash,In-Store,2023-06-17
Txn_5622313,Salad,2,5.0,10.0,Credit Card,In-Store,2023-01-07
Txn_6249754,Smoothie,1,4.0,4.0,Credit Card,Takeaway,2023-10-21
Txn_9729280,Tea,3,1.5,4.5,Credit Card,In-Store,2023-11-06
Txn_1045022,Sandwich,4,4.0,16.0,Credit Card,Takeaway,2023-10-13
Txn_4598397,Coffee,4,2.0,8.0,Cash,Takeaway,2023-09-13
Txn_9186913,Cookie,2,1.0,2.0,Credit Card,Takeaway,2023-10-16
Txn_9507002,Smoothie,1,4.0,4.0,Cash,Takeaway,2023-05-08
Txn_4423218,Cookie,3,1.0,3.0,Cash,In-Store,2023-05-29
Txn_4851339,Sandwich,1,4.0,4.0,Digital Wallet,Takeaway,2023-02-01
Txn_3274105,Cookie,5,1.0,5.0,Credit Card,Takeaway,2023-07-28
Txn_2810280,Smoothie,1,4.0,4.0,Digital Wallet,Takeaway,2023-06-25
Txn_8611913,Tea,5,1.5,7.5,Digital Wallet,In-Store,2023-07-16
Txn_9947479,Smoothie,5,4.0,20.0,Cash,Takeaway,2023-09-27
Txn_6403859,Sandwich,5,4.0,20.0,Credit Card,In-Store,2023-03-06
Txn_9703722,Sandwich,5,4.0,20.0,Digital Wallet,Takeaway,2023-01-11
Txn_6119081,Coffee,2,2.0,4.0,Cash,In-Store,2023-09-27
Txn_4811887,Cake,2,3.0,6.0,Cash,In-Store,2023-02-11
Txn_9587814,Juice,3,3.0,9.0,Cash,In-Store,2023-01-25
Txn_7852397,Tea,3,1.5,4.5,Cash,In-Store,2023-08-10
Txn_2982995,Salad,1,5.0,5.0,Credit Card,Takeaway,2023-04-06
Txn_4223265,Cake,5,3.0,15.0,Digital Wallet,In-Store,2023-06-06
Txn_6491662,Coffee,2,2.0,4.0,Digital Wallet,Takeaway,2023-10-06
Txn_9500986,Cookie,2,1.0,2.0,Digital Wallet,Takeaway,2023-05-10
Txn_6092344,Cookie,5,1.0,5.0,Credit Card,Takeaway,2023-12-04
Txn_6336973,Coffee,4,2.0,8.0,Digital Wallet,Takeaway,2023-03-21
Txn_5609260,Cookie,5,1.0,5.0,Digital Wallet,In-Store,2023-05-02
Txn_2047672,Sandwich,1,4.0,4.0,Credit Card,In-Store,2023-01-25
Txn_6893490,Coffee,3,2.0,6.0,Credit Card,Takeaway,2023-03-17
Txn_6851654,Salad,1,5.0,5.0,Digital Wallet,Takeaway,2023-01-25
Txn_5889912,Salad,1,5.0,5.0,Cash,In-Store,2023-09-26
Txn_3720223,Cake,4,3.0,12.0,Cash,Takeaway,2023-10-22
Txn_2726676,Coffee,3,2.0,6.0,Digital Wallet,In-Store,2023-08-10
Txn_3558795,Smoothie,1,4.0,4.0,Cash,In-Store,2023-05-30
Txn_4139983,Tea,5,1.5,7.5,Cash,Takeaway,2023-10-16
Txn_2935871,Cookie,4,1.0,4.0,Cash,Takeaway,2023-07-07
Txn_8284910,Smoothie,1,4.0,4.0,Cash,In-Store,2023-07-19
Txn_2123573,Coffee,5,2.0,10.0,Digital Wallet,Takeaway,2023-01-09
Txn_8036176,Cookie,4,1.0,4.0,Credit Card,Takeaway,2023-06-20
Txn_2490185,Salad,4,5.0,20.0,Credit Card,In-Store,2023-12-18
Txn_6295420,Juice,1,3.0,3.0,Digital Wallet,Takeaway,2023-09-27
Txn_1542042,Cake,4,3.0,12.0,Credit Card,Takeaway,2023-07-26
Txn_6579109,Juice,1,3.0,3.0,Credit Card,Takeaway,2023-02-22
Txn_5577030,Cookie,4,1.0,4.0,Digital Wallet,Takeaway,2023-02-15
Txn_3910230,Sandwich,5,4.0,20.0,Cash,Takeaway,2023-01-05
Txn_9861782,Sandwich,4,4.0,16.0,Credit Card,In-Store,2023-07-15
Txn_6112765,Coffee,2,2.0,4.0,Credit Card,Takeaway,2023-07-21
Txn_2847831,Coffee,1,2.0,2.0,Cash,In-Store,2023-02-19
Txn_3385167,Tea,3,1.5,4.5,Cash,In-Store,2023-04-26
Txn_1938071,Sandwich,4,4.0,16.0,Credit Card,In-Store,2023-12-25
Txn_4887268,Salad,1,5.0,5.0,Credit Card,In-Store,2023-10-16
Txn_6651961,Salad,4,5.0,20.0,Credit Card,In-Store,2023-02-08
Txn_5604797,Coffee,1,2.0,2.0,Cash,In-Store,2023-10-13
Txn_6303383,Cake,4,3.0,12.0,Digital Wallet,In-Store,2023-09-22
Txn_5403707,Smoothie,3,4.0,12.0,Cash,In-Store,2023-03-20
Txn_4084052,Juice,2,3.0,6.0,Digital Wallet,In-Store,2023-06-30
Txn_7113656,Juice,2,3.0,6.0,Credit Card,Takeaway,2023-01-22
Txn_3226989,Salad,1,5.0,5.0,Credit Card,Takeaway,2023-04-17
Txn_8751289,Tea,2,1.5,3.0,Cash,In-Store,2023-09-10
Txn_9996195,Juice,5,3.0,15.0,Digital Wallet,In-Store,2023-03-16
Txn_4243591,Cake,4,3.0,12.0,Credit Card,In-Store,2023-10-11
Txn_4138399,Cookie,5,1.0,5.0,Credit Card,Takeaway,2023-07-03
Txn_1724233,Cookie,5,1.0,5.0,Digital Wallet,Takeaway,2023-02-01
Txn_1564506,Smoothie,5,4.0,20.0,Digital Wallet,In-Store,2023-02-01
Txn_7622389,Tea,4,1.5,6.0,Digital Wallet,In-Store,2023-02-26
Txn_2204457,Coffee,4,2.0,8.0,Cash,Takeaway,2023-01-06
Txn_7503593,Cookie,5,1.0,5.0,Digital Wallet,Takeaway,2023-04-19
Txn_5589433,Cake,2,3.0,6.0,Cash,In-Store,2023-03-13
Txn_8043642,Salad,4,5.0,20.0,Cash,In-Store,2023-06-12
Txn_3365018,Juice,5,3.0,15.0,Cash,Takeaway,2023-02-06
Txn_4592205,Cookie,3,1.0,3.0,Credit Card,In-Store,2023-12-30
Txn_6660755,Cookie,2,1.0,2.0,Credit Card,In-Store,2023-05-16
Txn_3290872,Cake,2,3.0,6.0,Credit Card,In-Store,2023-06-13
Txn_1145592,Juice,1,3.0,3.0,Credit Card,Takeaway,2023-09-11
Txn_9485101,Cookie,2,1.0,2.0,Cash,Takeaway,2023-11-01
Txn_9667219,Juice,4,3.0,12.0,Cash,In-Store,2023-10-09
Txn_3119835,Tea,2,1.5,3.0,Digital Wallet,In-Store,2023-03-01
Txn_7014091,Coffee,5,2.0,10.0,Cash,In-Store,2023-11-26
Txn_9911498,Coffee,4,2.0,8.0,Cash,In-Store,2023-03-27
Txn_9865855,Coffee,3,2.0,6.0,Digital Wallet,Takeaway,2023-04-18
Txn_8913492,Sandwich,4,4.0,16.0,Credit Card,In-Store,2023-12-25
Txn_5625086,Sandwich,1,4.0,4.0,Credit Card,In-Store,2023-06-17
Txn_1009421,Cookie,4,1.0,4.0,Cash,Takeaway,2023-02-21
Txn_5369243,Smoothie,4,4.0,16.0,Cash,Takeaway,2023-11-16
Txn_5475746,Cake,3,3.0,9.0,Credit Card,In-Store,2023-08-20
Txn_6071339,Coffee,5,2.0,10.0,Cash,Takeaway,2023-10-17
Txn_9540864,Cookie,2,1.0,2.0,Digital Wallet,Takeaway,2023-08-07
Txn_6389404,Juice,5,3.0,15.0,Digital Wallet,In-Store,2023-11-20
Txn_3499226,Juice,1,3.0,3.0,Credit Card,Takeaway,2023-09-08
Txn_1324760,Tea,4,1.5,6.0,Cash,In-Store,2023-01-18
Txn_8292441,Salad,1,5.0,5.0,Cash,Takeaway,2023-09-15
Txn_3792125,Salad,5,5.0,25.0,Credit Card,In-Store,2023-08-25
Txn_8608811,Cake,5,3.0,15.0,Credit Card,Takeaway,2023-01-05
Txn_4368729,Coffee,3,2.0,6.0,Digital Wallet,In-Store,2023-06-11
Txn_5072156,Tea,3,1.5,4.5,Digital Wallet,Takeaway,2023-07-24
Txn_4877933,Juice,5,3.0,15.0,Digital Wallet,In-Store,2023-01-12
Txn_8854384,Juice,5,3.0,15.0,Cash,Takeaway,2023-08-12
Txn_5644235,Salad,4,5.0,20.0,Cash,In-Store,2023-03-25
Txn_5117595,Smoothie,4,4.0,16.0,Cash,In-Store,2023-02-05
Txn_4356564,Coffee,2,2.0,4.0,Credit Card,Takeaway,2023-10-05
Txn_6762250,Cookie,2,1.0,2.0,Digital Wallet,Takeaway,2023-06-17
Txn_8553273,Juice,5,3.0,15.0,Cash,In-Store,2023-01-15
Txn_2432379,Coffee,1,2.0,2.0,Credit Card,In-Store,2023-10-24
Txn_2155393,Juice,2,3.0,6.0,Digital Wallet,In-Store,2023-07-12
Txn_2544724,Cake,5,3.0,15.0,Digital Wallet,Takeaway,2023-12-28
Txn_1035504,Smoothie,2,4.0,8.0,Digital Wallet,Takeaway,2023-03-30
Txn_9781961,Coffee,1,2.0,2.0,Credit Card,In-Store,2023-12-01
Txn_5313347,Cookie,2,1.0,2.0,Digital Wallet,Takeaway,2023-12-10
Txn_8907996,Sandwich,4,4.0,16.0,Cash,In-Store,2023-02-19
Txn_5348915,Juice,1,3.0,3.0,Digital Wallet,Takeaway,2023-07-09
Txn_6323914,Juice,1,3.0,3.0,Credit Card,In-Store,2023-03-19
Txn_7804128,Sandwich,5,4.0,20.0,Digital Wallet,In-Store,2023-02-12
Txn_2210265,Juice,2,3.0,6.0,Credit Card,Takeaway,2023-06-14
Txn_5534515,Smoothie,1,4.0,4.0,Credit Card,Takeaway,2023-02-09
Txn_9561380,Sandwich,1,4.0,4.0,Digital Wallet,Takeaway,2023-08-11
Txn_3038078,Cookie,1,1.0,1.0,Credit Card,Takeaway,2023-04-06
Txn_9749175,Cake,1,3.0,3.0,Credit Card,In-Store,2023-09-07
Txn_3703964,Sandwich,2,4.0,8.0,Credit Card,Takeaway,2023-09-23
Txn_9202496,Cake,5,3.0,15.0,Credit Card,In-Store,2023-07-19
Txn_2914953,Cake,2,3.0,6.0,Cash,In-Store,2023-07-25
Txn_1216051,Cake,4,3.0,12.0,Digital Wallet,Takeaway,2023-10-28
Txn_3358494,Coffee,5,2.0,10.0,Digital Wallet,Takeaway,2023-06-22
Txn_1324968,Cookie,3,1.0,3.0,Credit Card,In-Store,2023-01-05
Txn_3985920,Salad,5,5.0,25.0,Digital Wallet,In-Store,2023-03-29
Txn_7335526,Sandwich,4,4.0,16.0,Cash,In-Store,2023-06-03
Txn_2408294,Sandwich,4,4.0,16.0,Digital Wallet,In-Store,2023-12-26
Txn_7380756,Salad,1,5.0,5.0,Digital Wallet,Takeaway,2023-10-16
Txn_1315214,Tea,2,1.5,3.0,Digital Wallet,In-Store,2023-11-03
Txn_7602467,Cookie,1,1.0,1.0,Credit Card,Takeaway,2023-10-17
Txn_4979250,Tea,3,1.5,4.5,Cash,In-Store,2023-11-01
Txn_2809397,Salad,2,5.0,10.0,Digital Wallet,Takeaway,2023-09-13
Txn_8752130,Juice,2,3.0,6.0,Credit Card,Takeaway,2023-10-23
Txn_3106811,Juice,3,3.0,9.0,Cash,Takeaway,2023-09-27
Txn_6309965,Cake,5,3.0,15.0,Digital Wallet,Takeaway,2023-06-14
Txn_9207050,Cookie,5,1.0,5.0,Digital Wallet,In-Store,2023-07-21
Txn_1938148,Cake,2,3.0,6.0,Credit Card,Takeaway,2023-06-07
Txn_2024598,Sandwich,1,4.0,4.0,Digital Wallet,In-Store,2023-01-01
Txn_7145872,Salad,5,5.0,25.0,Digital Wallet,Takeaway,2023-04-15
Txn_9004306,Coffee,4,2.0,8.0,Credit Card,In-Store,2023-05-26
Txn_6360436,Cake,2,3.0,6.0,Digital Wallet,Takeaway,2023-09-13
Txn_5822344,Sandwich,5,4.0,20.0,Cash,In-Store,2023-09-27
Txn_9773606,Tea,2,1.5,3.0,Cash,Takeaway,2023-12-04
Txn_9762035,Smoothie,1,4.0,4.0,Cash,Takeaway,2023-08-21
Txn_9657636,Cake,1,3.0,3.0,Cash,Takeaway,2023-07-08
Txn_1375992,Coffee,5,2.0,10.0,Credit Card,In-Store,2023-03-23
Txn_2077318,Juice,2,3.0,6.0,Digital Wallet,In-Store,2023-08-24
Txn_9096951,Smoothie,3,4.0,12.0,Cash,Takeaway,2023-06-28
Txn_7090165,Sandwich,5,4.0,20.0,Digital Wallet,In-Store,2023-08-30
Txn_9533792,Cookie,3,1.0,3.0,Digital Wallet,In-Store,2023-09-01
Txn_2849719,Coffee,5,2.0,10.0,Digital Wallet,Takeaway,2023-06-23
Txn_9623460,Sandwich,3,4.0,12.0,Digital Wallet,In-Store,2023-01-17
Txn_3359704,Salad,3,5.0,15.0,Digital Wallet,In-Store,2023-07-23
Txn_2444408,Sandwich,2,4.0,8.0,Digital Wallet,In-Store,2023-05-11
Txn_3296152,Salad,3,5.0,15.0,Credit Card,In-Store,2023-10-20
Txn_2887411,Smoothie,2,4.0,8.0,Cash,In-Store,2023-01-16
Txn_7543369,Tea,5,1.5,7.5,Digital Wallet,Takeaway,2023-11-18
Txn_9561441,Tea,5,1.5,7.5,Cash,In-Store,2023-11-11
Txn_3633955,Sandwich,4,4.0,16.0,Cash,In-Store,2023-09-20
Txn_2761949,Salad,3,5.0,15.0,Credit Card,In-Store,2023-10-01
Txn_8062897,Smoothie,2,4.0,8.0,Digital Wallet,Takeaway,2023-10-02
Txn_6866209,Smoothie,5,4.0,20.0,Digital Wallet,In-Store,2023-05-20
Txn_9681880,Coffee,3,2.0,6.0,Cash,In-Store,2023-03-21
Txn_2936975,Tea,1,1.5,1.5,Digital Wallet,Takeaway,2023-10-05
Txn_5027125,Salad,3,5.0,15.0,Cash,In-Store,2023-07-06
Txn_2092288,Coffee,1,2.0,2.0,Credit Card,Takeaway,2023-03-30
Txn_5701303,Coffee,1,2.0,2.0,Digital Wallet,Takeaway,2023-09-08
Txn_5161371,Cake,2,3.0,6.0,Credit Card,In-Store,2023-01-17
Txn_1719440,Cookie,5,1.0,5.0,Digital Wallet,Takeaway,2023-07-13
Txn_3729074,Salad,3,5.0,15.0,Credit Card,In-Store,2023-04-15
Txn_7217537,Salad,3,5.0,15.0,Cash,In-Store,2023-12-19
Txn_8845592,Sandwich,5,4.0,20.0,Credit Card,In-Store,2023-11-12
Txn_5664467,Tea,4,1.5,6.0,Digital Wallet,Takeaway,2023-11-06
Txn_2680626,Cake,3,3.0,9.0,Cash,In-Store,2023-01-08
Txn_5009367,Juice,3,3.0,9.0,Credit Card,In-Store,2023-04-19
Txn_6401072,Smoothie,4,4.0,16.0,Cash,Takeaway,2023-07-28
Txn_8684125,Salad,2,5.0,10.0,Credit Card,In-Store,2023-03-08
Txn_8167808,Cake,3,3.0,9.0,Cash,In-Store,2023-02-03
Txn_7753587,Cake,1,3.0,3.0,Credit Card,Takeaway,2023-03-28
Txn_8242126,Salad,4,5.0,20.0,Digital Wallet,In-Store,2023-11-20
Txn_5685028,Cake,5,3.0,15.0,Digital Wallet,Takeaway,2023-08-12
Txn_9245124,Tea,4,1.5,6.0,Digital Wallet,In-Store,2023-04-19
Txn_8619762,Smoothie,4,4.0,16.0,Cash,Takeaway,2023-08-05
Txn_5983031,Juice,3,3.0,9.0,Digital Wallet,In-Store,2023-03-09
Txn_7368648,Tea,1,1.5,1.5,Digital Wallet,In-Store,2023-03-09
Txn_1217959,Juice,2,3.0,6.0,Digital Wallet,Takeaway,2023-07-28
Txn_5171332,Tea,5,1.5,7.5,Cash,Takeaway,2023-02-05
Txn_9069297,Cookie,4,1.0,4.0,Credit Card,In-Store,2023-01-27
Txn_1678985,Juice,2,3.0,6.0,Cash,In-Store,2023-07-16
Txn_3131555,Sandwich,2,4.0,8.0,Cash,Takeaway,2023-12-04
Txn_3313000,Coffee,5,2.0,10.0,Credit Card,In-Store,2023-01-08
Txn_3120023,Cookie,3,1.0,3.0,Cash,In-Store,2023-09-30
Txn_7483257,Sandwich,2,4.0,8.0,Digital Wallet,Takeaway,2023-06-05
Txn_3430842,Cookie,2,1.0,2.0,Cash,Takeaway,2023-08-02
Txn_5118667,Coffee,4,2.0,8.0,Cash,In-Store,2023-12-12
Txn_6989438,Sandwich,4,4.0,16.0,Cash,Takeaway,2023-12-17
Txn_4223466,Juice,4,3.0,12.0,Digital Wallet,Takeaway,2023-05-31
Txn_6608817,Sandwich,5,4.0,20.0,Credit Card,Takeaway,2023-07-17
Txn_9774691,Cake,3,3.0,9.0,Credit Card,Takeaway,2023-04-11
Txn_7666909,Juice,4,3.0,12.0,Credit Card,Takeaway,2023-08-29
Txn_9365558,Salad,4,5.0,20.0,Credit Card,Takeaway,2023-02-12
Txn_6837601,Salad,1,5.0,5.0,Digital Wallet,Takeaway,2023-02-05
Txn_1713983,Salad,2,5.0,10.0,Cash,In-Store,2023-05-11
Txn_3465980,Cookie,4,1.0,4.0,Cash,Takeaway,2023-07-08
Txn_7343905,Cake,1,3.0,3.0,Digital Wallet,In-Store,2023-01-17
Txn_9470590,Salad,1,5.0,5.0,Credit Card,Takeaway,2023-04-11
Txn_7212607,Coffee,3,2.0,6.0,Digital Wallet,In-Store,2023-08-06
Txn_8384628,Salad,3,5.0,15.0,Credit Card,Takeaway,2023-08-22
Txn_4200340,Cake,5,3.0,15.0,Cash,Takeaway,2023-07-06
Txn_4778105,Juice,4,3.0,12.0,Digital Wallet,In-Store,2023-10-08
Txn_4278785,Salad,3,5.0,15.0,Cash,In-Store,2023-04-29
Txn_4462052,Cookie,1,1.0,1.0,Cash,In-Store,2023-10-12
Txn_9676940,Juice,2,3.0,6.0,Credit Card,Takeaway,2023-08-16
Txn_5708913,Cake,2,3.0,6.0,Cash,In-Store,2023-04-29
Txn_9176418,Smoothie,1,4.0,4.0,Digital Wallet,Takeaway,2023-03-02
Txn_7321789,Juice,3,3.0,9.0,Digital Wallet,Takeaway,2023-05-10
Txn_2152670,Tea,3,1.5,4.5,Credit Card,In-Store,2023-12-24
Txn_8696065,Smoothie,3,4.0,12.0,Credit Card,In-Store,2023-11-04
Txn_1250407,Cookie,1,1.0,1.0,Credit Card,Takeaway,2023-11-21
Txn_1617476,Cake,2,3.0,6.0,Digital Wallet,In-Store,2023-02-10
Txn_9725461,Smoothie,3,4.0,12.0,Credit Card,In-Store,2023-11-25
Txn_1000555,Tea,1,1.5,1.5,Credit Card,In-Store,2023-10-19
Txn_9315755,Cake,5,3.0,15.0,Cash,Takeaway,2023-09-26
Txn_3530720,Smoothie,5,4.0,20.0,Digital Wallet,In-Store,2023-10-18
Txn_1410102,Salad,1,5.0,5.0,Cash,In-Store,2023-06-23
Txn_6977098,Juice,5,3.0,15.0,Credit Card,In-Store,2023-06-09
Txn_7735237,Cake,2,3.0,6.0,Digital Wallet,In-Store,2023-01-13
Txn_5282529,Tea,5,1.5,7.5,Credit Card,Takeaway,2023-04-13
Txn_9495930,Coffee,2,2.0,4.0,Digital Wallet,Takeaway,2023-10-23
Txn_3514492,Juice,3,3.0,9.0,Digital Wallet,In-Store,2023-02-23
Txn_4227337,Tea,4,1.5,6.0,Digital Wallet,Takeaway,2023-12-15
Txn_1011236,Cake,1,3.0,3.0,Cash,In-Store,2023-02-08
Txn_6872268,Juice,2,3.0,6.0,Digital Wallet,In-Store,2023-01-07
Txn_6113452,Sandwich,2,4.0,8.0,Cash,Takeaway,2023-09-21
Txn_3026930,Cake,2,3.0,6.0,Cash,In-Store,2023-03-23
Txn_2801651,Juice,4,3.0,12.0,Digital Wallet,Takeaway,2023-07-10
Txn_5005592,Coffee,1,2.0,2.0,Credit Card,In-Store,2023-06-05
Txn_2182790,Tea,5,1.5,7.5,Credit Card,Takeaway,2023-05-05
Txn_4600614,Sandwich,3,4.0,12.0,Digital Wallet,Takeaway,2023-01-27
Txn_4628310,Juice,4,3.0,12.0,Credit Card,Takeaway,2023-04-20
Txn_6013295,Juice,2,3.0,6.0,Cash,Takeaway,2023-11-07
Txn_3200195,Juice,3,3.0,9.0,Digital Wallet,In-Store,2023-05-04
Txn_4860027,Cookie,5,1.0,5.0,Digital Wallet,Takeaway,2023-07-28
Txn_4708410,Cake,4,3.0,12.0,Digital Wallet,In-Store,2023-10-08
Txn_1898329,Cake,5,3.0,15.0,Cash,In-Store,2023-04-12
Txn_8147057,Juice,1,3.0,3.0,Digital Wallet,In-Store,2023-08-21
Txn_5588239,Cookie,1,1.0,1.0,Digital Wallet,Takeaway,2023-03-31
Txn_6575599,Coffee,5,2.0,10.0,Digital Wallet,Takeaway,2023-10-09
Txn_1229376,Cake,3,3.0,9.0,Digital Wallet,In-Store,2023-08-14
Txn_1732216,Coffee,3,2.0,6.0,Digital Wallet,Takeaway,2023-08-30
Txn_9783697,Sandwich,1,4.0,4.0,Digital Wallet,Takeaway,2023-07-14
Txn_3224756,Cake,2,3.0,6.0,Credit Card,Takeaway,2023-11-20
Txn_9054741,Juice,1,3.0,3.0,Credit Card,Takeaway,2023-06-24
Txn_9063299,Cake,4,3.0,12.0,Digital Wallet,In-Store,2023-06-15
Txn_4343391,Cookie,5,1.0,5.0,Cash,Takeaway,2023-06-01
Txn_6877186,Cookie,2,1.0,2.0,Credit Card,In-Store,2023-12-05
Txn_9818498,Smoothie,3,4.0,12.0,Credit Card,Takeaway,2023-09-01
Txn_9155044,Sandwich,3,4.0,12.0,Credit Card,In-Store,2023-02-28
Txn_5625110,Salad,3,5.0,15.0,Digital Wallet,Takeaway,2023-11-07
Txn_8085790,Cookie,4,1.0,4.0,Cash,Takeaway,2023-10-27
Txn_6047742,Smoothie,5,4.0,20.0,Digital Wallet,In-Store,2023-12-11
Txn_5086795,Salad,1,5.0,5.0,Cash,In-Store,2023-04-29
Txn_1943186,Salad,2,5.0,10.0,Cash,In-Store,2023-12-16
Txn_3851247,Cake,1,3.0,3.0,Credit Card,In-Store,2023-11-23
Txn_5683213,Smoothie,2,4.0,8.0,Credit Card,In-Store,2023-10-30
Txn_2570829,Juice,1,3.0,3.0,Cash,Takeaway,2023-03-31
Txn_5190685,Cookie,4,1.0,4.0,Cash,Takeaway,2023-11-12
Txn_9203396,Coffee,5,2.0,10.0,Digital Wallet,In-Store,2023-01-08
Txn_6391414,Smoothie,4,4.0,16.0,Cash,In-Store,2023-05-08
Txn_2613440,Juice,3,3.0,9.0,Credit Card,In-Store,2023-04-15
Txn_2666340,Cake,2,3.0,6.0,Cash,Takeaway,2023-09-29
Txn_6539480,Cake,5,3.0,15.0,Cash,Takeaway,2023-08-25
Txn_8157817,Tea,2,1.5,3.0,Credit Card,Takeaway,2023-08-30
Txn_7620529,Sandwich,2,4.0,8.0,Cash,In-Store,2023-08-08
Txn_1491670,Juice,5,3.0,15.0,Credit Card,Takeaway,2023-06-28
Txn_2366464,Juice,1,3.0,3.0,Cash,Takeaway,2023-06-05
Txn_7994275,Smoothie,3,4.0,12.0,Credit Card,In-Store,2023-09-18
Txn_6034920,Cookie,1,1.0,1.0,Credit Card,In-Store,2023-09-09
Txn_4673812,Cookie,2,1.0,2.0,Digital Wallet,Takeaway,2023-05-01
Txn_6543620,Cookie,2,1.0,2.0,Cash,Takeaway,2023-04-08
Txn_1605048,Cake,4,3.0,12.0,Cash,Takeaway,2023-03-16
Txn_2401829,Smoothie,5,4.0,20.0,Digital Wallet,Takeaway,2023-02-07
Txn_5438111,Smoothie,3,4.0,12.0,Cash,In-Store,2023-01-06
Txn_5793057,Sandwich,3,4.0,12.0,Credit Card,In-Store,2023-02-25
Txn_1660757,Cake,4,3.0,12.0,Digital Wallet,Takeaway,2023-11-08
Txn_1469462,Cake,1,3.0,3.0,Credit Card,Takeaway,2023-09-05
Txn_3711712,Salad,5,5.0,25.0,Digital Wallet,In-Store,2023-08-20
Txn_1268480,Salad,5,5.0,25.0,Cash,In-Store,2023-04-18
Txn_4869107,Smoothie,3,4.0,12.0,Digital Wallet,In-Store,2023-01-30
Txn_3088330,Tea,5,1.5,7.5,Digital Wallet,In-Store,2023-12-08
Txn_7650834,Salad,2,5.0,10.0,Cash,Takeaway,2023-10-29
Txn_4107857,Tea,1,1.5,1.5,Credit Card,Takeaway,2023-01-29
Txn_4635037,Juice,1,3.0,3.0,Digital Wallet,In-Store,2023-05-17
Txn_9103776,Tea,4,1.5,6.0,Credit Card,In-Store,2023-05-03
Txn_7538221,Cake,5,3.0,15.0,Credit Card,Takeaway,2023-03-31
Txn_8807333,Sandwich,5,4.0,20.0,Digital Wallet,In-Store,2023-03-18
Txn_8006056,Juice,4,3.0,12.0,Credit Card,Takeaway,2023-12-19
Txn_6022618,Smoothie,1,4.0,4.0,Digital Wallet,In-Store,2023-12-18
Txn_1665810,Sandwich,5,4.0,20.0,Digital Wallet,In-Store,2023-02-26
Txn_1399696,Cake,5,3.0,15.0,Cash,In-Store,2023-04-08
Txn_9154381,Cookie,2,1.0,2.0,Credit Card,In-Store,2023-04-21
Txn_8361813,Cookie,3,1.0,3.0,Cash,In-Store,2023-08-01
Txn_4754346,Juice,4,3.0,12.0,Credit Card,In-Store,2023-08-31
Txn_4939667,Salad,1,5.0,5.0,Cash,Takeaway,2023-01-23
Txn_7126803,Sandwich,5,4.0,20.0,Digital Wallet,Takeaway,2023-05-24
Txn_5086063,Juice,3,3.0,9.0,Digital Wallet,Takeaway,2023-09-28
Txn_6854151,Sandwich,3,4.0,12.0,Credit Card,In-Store,2023-02-07
Txn_8133627,Cake,5,3.0,15.0,Cash,In-Store,2023-08-15
Txn_5117140,Cookie,5,1.0,5.0,Digital Wallet,Takeaway,2023-08-17
Txn_4036747,Smoothie,1,4.0,4.0,Cash,Takeaway,2023-05-27
Txn_9720549,Cookie,1,1.0,1.0,Credit Card,In-Store,2023-07-30
Txn_5901182,Sandwich,5,4.0,20.0,Digital Wallet,In-Store,2023-07-15
Txn_1923984,Cake,2,3.0,6.0,Credit Card,Takeaway,2023-08-31
Txn_1315847,Cake,1,3.0,3.0,Digital Wallet,In-Store,2023-06-19
Txn_1464150,Coffee,5,2.0,10.0,Cash,Takeaway,2023-02-14
Txn_1775278,Juice,4,3.0,12.0,Credit Card,Takeaway,2023-02-22
Txn_1411473,Coffee,3,2.0,6.0,Credit Card,In-Store,2023-01-04
Txn_3397978,Smoothie,5,4.0,20.0,Digital Wallet,In-Store,2023-08-01
Txn_8568597,Juice,1,3.0,3.0,Digital Wallet,Takeaway,2023-04-03
Txn_3643348,Sandwich,4,4.0,16.0,Digital Wallet,In-Store,2023-09-06
Txn_1244509,Smoothie,3,4.0,12.0,Credit Card,In-Store,2023-02-21
Txn_9917989,Smoothie,4,4.0,16.0,Digital Wallet,Takeaway,2023-10-20
Txn_4168628,Tea,4,1.5,6.0,Digital Wallet,In-Store,2023-04-27
Txn_1765281,Smoothie,3,4.0,12.0,Credit Card,In-Store,2023-01-28
Txn_8571235,Cake,1,3.0,3.0,Cash,Takeaway,2023-03-01
Txn_2611683,Cake,3,3.0,9.0,Digital Wallet,In-Store,2023-04-11
Txn_4271744,Juice,3,3.0,9.0,Digital Wallet,Takeaway,2023-06-19
Txn_5153086,Tea,3,1.5,4.5,Cash,In-Store,2023-06-27
Txn_3435509,Sandwich,1,4.0,4.0,Cash,Takeaway,2023-08-19
Txn_8771574,Coffee,3,2.0,6.0,Digital Wallet,Takeaway,2023-05-03
Txn_6177161,Tea,5,1.5,7.5,Credit Card,In-Store,2023-04-01
Txn_4476151,Juice,4,3.0,12.0,Credit Card,In-Store,2023-02-15
Txn_6557174,Salad,4,5.0,20.0,Credit Card,In-Store,2023-08-20
Txn_5089516,Smoothie,2,4.0,8.0,Credit Card,In-Store,2023-11-04
Txn_5915706,Tea,1,1.5,1.5,Cash,In-Store,2023-08-18
Txn_1870303,Coffee,4,2.0,8.0,Digital Wallet,In-Store,2023-05-05
Txn_7766134,Tea,1,1.5,1.5,Credit Card,Takeaway,2023-01-05
Txn_2617257,Cookie,1,1.0,1.0,Cash,Takeaway,2023-08-20
Txn_6179169,Sandwich,2,4.0,8.0,Cash,In-Store,2023-10-21
Txn_3364751,Coffee,2,2.0,4.0,Digital Wallet,Takeaway,2023-04-12
Txn_1097334,Coffee,2,2.0,4.0,Credit Card,Takeaway,2023-03-21
Txn_6887407,Cake,3,3.0,9.0,Cash,In-Store,2023-09-15
Txn_6425991,Salad,1,5.0,5.0,Credit Card,Takeaway,2023-08-06
Txn_6040882,Cookie,1,1.0,1.0,Cash,In-Store,2023-06-06
Txn_7921799,Cookie,1,1.0,1.0,Credit Card,Takeaway,2023-09-14
Txn_7272630,Tea,4,1.5,6.0,Cash,Takeaway,2023-03-24
Txn_1244299,Sandwich,2,4.0,8.0,Cash,Takeaway,2023-07-18
Txn_5965095,Salad,4,5.0,20.0,Digital Wallet,In-Store,2023-06-16
Txn_7911650,Juice,2,3.0,6.0,Cash,Takeaway,2023-03-13
Txn_9031518,Sandwich,5,4.0,20.0,Credit Card,In-Store,2023-01-13
Txn_7068406,Juice,2,3.0,6.0,Digital Wallet,Takeaway,2023-01-26
Txn_5380220,Coffee,4,2.0,8.0,Credit Card,In-Store,2023-10-18
Txn_7208533,Tea,1,1.5,1.5,Cash,In-Store,2023-05-15
Txn_2727347,Cake,5,3.0,15.0,Cash,Takeaway,2023-01-20
Txn_3651337,Smoothie,4,4.0,16.0,Cash,In-Store,2023-10-25
Txn_4740892,Cake,1,3.0,3.0,Digital Wallet,Takeaway,2023-11-19
Txn_3390882,Sandwich,3,4.0,12.0,Credit Card,In-Store,2023-07-03
Txn_1872692,Salad,5,5.0,25.0,Cash,In-Store,2023-08-09
Txn_1372492,Salad,4,5.0,20.0,Cash,Takeaway,2023-03-28
Txn_4986514,Tea,3,1.5,4.5,Credit Card,In-Store,2023-06-06
Txn_1050083,Cake,5,3.0,15.0,Credit Card,Takeaway,2023-06-28
Txn_8241724,Smoothie,1,4.0,4.0,Credit Card,Takeaway,2023-05-14
Txn_1425215,Juice,1,3.0,3.0,Cash,Takeaway,2023-03-13
Txn_2363378,Coffee,5,2.0,10.0,Cash,Takeaway,2023-04-23
Txn_8999576,Cake,5,3.0,15.0,Digital Wallet,Takeaway,2023-04-09
Txn_5513984,Tea,1,1.5,1.5,Credit Card,In-Store,2023-09-13
Txn_5346493,Cookie,5,1.0,5.0,Digital Wallet,In-Store,2023-04-08
Txn_6219634,Salad,1,5.0,5.0,Cash,Takeaway,2023-09-11
Txn_3539062,Salad,2,5.0,10.0,Digital Wallet,In-Store,2023-10-04
Txn_2134911,Tea,5,1.5,7.5,Digital Wallet,In-Store,2023-10-07
Txn_6991430,Cookie,5,1.0,5.0,Cash,In-Store,2023-05-31
Txn_5470598,Cake,3,3.0,9.0,Digital Wallet,In-Store,2023-03-14
Txn_3186333,Cookie,5,1.0,5.0,Cash,In-Store,2023-08-19
Txn_6506895,Cake,5,3.0,15.0,Credit Card,In-Store,2023-08-10
Txn_2917211,Smoothie,5,4.0,20.0,Digital Wallet,Takeaway,2023-11-19
Txn_7116936,Coffee,5,2.0,10.0,Credit Card,Takeaway,2023-05-19
Txn_4209748,Cookie,2,1.0,2.0,Digital Wallet,Takeaway,2023-10-24
Txn_7054849,Cake,4,3.0,12.0,Cash,Takeaway,2023-06-16
Txn_2892693,Cookie,4,1.0,4.0,Credit Card,In-Store,2023-03-02
Txn_6037144,Tea,3,1.5,4.5,Cash,Takeaway,2023-09-02
Txn_3494014,Cake,1,3.0,3.0,Credit Card,In-Store,2023-06-09
Txn_1503903,Tea,1,1.5,1.5,Cash,Takeaway,2023-03-20
Txn_1260517,Smoothie,5,4.0,20.0,Digital Wallet,Takeaway,2023-04-17
Txn_8490157,Salad,2,5.0,10.0,Credit Card,In-Store,2023-09-06
Txn_7878395,Salad,3,5.0,15.0,Credit Card,In-Store,2023-05-26
Txn_4090464,Sandwich,5,4.0,20.0,Cash,Takeaway,2023-01-16
Txn_2172301,Cookie,4,1.0,4.0,Digital Wallet,Takeaway,2023-04-06
Txn_3680192,Salad,4,5.0,20.0,Digital Wallet,Takeaway,2023-05-20
Txn_9268974,Sandwich,2,4.0,8.0,Digital Wallet,Takeaway,2023-10-29
Txn_7435796,Coffee,2,2.0,4.0,Cash,In-Store,2023-11-03
Txn_7294526,Smoothie,5,4.0,20.0,Digital Wallet,Takeaway,2023-12-02
Txn_5618976,Coffee,2,2.0,4.0,Cash,Takeaway,2023-12-05
Txn_3964398,Cake,4,3.0,12.0,Credit Card,Takeaway,2023-10-20
Txn_3419352,Salad,3,5.0,15.0,Digital Wallet,In-Store,2023-10-22
Txn_6202631,Tea,2,1.5,3.0,Digital Wallet,Takeaway,2023-07-29
Txn_4726531,Salad,5,5.0,25.0,Cash,Takeaway,2023-09-09
Txn_8377812,Tea,2,1.5,3.0,Digital Wallet,In-Store,2023-03-27
Txn_2163150,Salad,1,5.0,5.0,Cash,In-Store,2023-08-25
Txn_2371464,Smoothie,4,4.0,16.0,Cash,In-Store,2023-09-20
Txn_5276842,Coffee,2,2.0,4.0,Digital Wallet,Takeaway,2023-06-26
Txn_1367003,Salad,5,5.0,25.0,Cash,In-Store,2023-11-10
Txn_3466686,Smoothie,3,4.0,12.0,Digital Wallet,Takeaway,2023-09-03
Txn_6064301,Cookie,1,1.0,1.0,Credit Card,Takeaway,2023-07-12
Txn_5005674,Salad,4,5.0,20.0,Credit Card,In-Store,2023-10-03
Txn_1714471,Juice,4,3.0,12.0,Cash,Takeaway,2023-08-17
Txn_1064565,Juice,4,3.0,12.0,Digital Wallet,In-Store,2023-03-14
Txn_9104545,Juice,2,3.0,6.0,Digital Wallet,Takeaway,2023-03-19
Txn_2108125,Coffee,1,2.0,2.0,Credit Card,In-Store,2023-10-06
Txn_8743849,Juice,2,3.0,6.0,Digital Wallet,Takeaway,2023-05-04
Txn_6234070,Smoothie,2,4.0,8.0,Credit Card,Takeaway,2023-01-31
Txn_7637178,Coffee,3,2.0,6.0,Digital Wallet,Takeaway,2023-05-26
Txn_1281536,Smoothie,5,4.0,20.0,Digital Wallet,In-Store,2023-03-19
Txn_8736069,Tea,5,1.5,7.5,Cash,Takeaway,2023-07-06
Txn_9281710,Juice,3,3.0,9.0,Credit Card,In-Store,2023-08-05
Txn_9131337,Sandwich,4,4.0,16.0,Credit Card,Takeaway,2023-05-24
Txn_2278015,Tea,2,1.5,3.0,Digital Wallet,In-Store,2023-04-10
Txn_7860054,Tea,5,1.5,7.5,Credit Card,In-Store,2023-02-07
Txn_8304399,Tea,2,1.5,3.0,Cash,In-Store,2023-06-08
Txn_4565233,Salad,3,5.0,15.0,Credit Card,In-Store,2023-11-16
Txn_6898341,Tea,2,1.5,3.0,Credit Card,In-Store,2023-08-21
Txn_7322436,Sandwich,3,4.0,12.0,Digital Wallet,In-Store,2023-06-29
Txn_1733916,Sandwich,4,4.0,16.0,Digital Wallet,In-Store,2023-01-12
Txn_6309570,Smoothie,1,4.0,4.0,Digital Wallet,In-Store,2023-09-26
Txn_3499910,Cookie,4,1.0,4.0,Credit Card,Takeaway,2023-09-29
Txn_8620426,Cookie,3,1.0,3.0,Credit Card,Takeaway,2023-11-28
Txn_2037742,Cake,4,3.0,12.0,Digital Wallet,In-Store,2023-11-14
Txn_7013527,Salad,2,5.0,10.0,Credit Card,In-Store,2023-05-18
Txn_2798420,Tea,5,1.5,7.5,Digital Wallet,Takeaway,2023-03-17
Txn_5506907,Cookie,2,1.0,2.0,Cash,Takeaway,2023-12-08
Txn_5353468,Tea,2,1.5,3.0,Credit Card,In-Store,2023-11-30
Txn_7485712,Sandwich,4,4.0,16.0,Cash,In-Store,2023-04-15
Txn_9810868,Cookie,1,1.0,1.0,Credit Card,Takeaway,2023-10-05
Txn_4722816,Salad,4,5.0,20.0,Cash,In-Store,2023-10-19
Txn_7814690,Smoothie,1,4.0,4.0,Credit Card,Takeaway,2023-05-10
Txn_6083650,Coffee,2,2.0,4.0,Digital Wallet,Takeaway,2023-07-01
Txn_8342990,Tea,1,1.5,1.5,Digital Wallet,Takeaway,2023-04-23
Txn_4407959,Tea,1,1.5,1.5,Digital Wallet,Takeaway,2023-01-28
Txn_3422759,Salad,5,5.0,25.0,Credit Card,Takeaway,2023-02-19
Txn_8164332,Tea,4,1.5,6.0,Cash,Takeaway,2023-04-22
Txn_3166181,Cookie,3,1.0,3.0,Credit Card,In-Store,2023-05-21
Txn_5173881,Cookie,3,1.0,3.0,Cash,Takeaway,2023-01-29
Txn_9612877,Smoothie,1,4.0,4.0,Cash,In-Store,2023-03-07
Txn_4296204,Salad,5,5.0,25.0,Digital Wallet,In-Store,2023-11-28
Txn_6478978,Juice,3,3.0,9.0,Credit Card,Takeaway,2023-10-27
Txn_4897182,Cake,3,3.0,9.0,Cash,Takeaway,2023-11-26
Txn_7630750,Juice,2,3.0,6.0,Digital Wallet,In-Store,2023-03-16
Txn_1269252,Cake,1,3.0,3.0,Digital Wallet,Takeaway,2023-07-18
Txn_3193212,Cake,1,3.0,3.0,Cash,In-Store,2023-11-23
Txn_2370338,Cake,4,3.0,12.0,Credit Card,Takeaway,2023-10-30
Txn_8628848,Juice,1,3.0,3.0,Credit Card,In-Store,2023-01-29
Txn_5275315,Smoothie,2,4.0,8.0,Digital Wallet,In-Store,2023-01-19
Txn_8124663,Sandwich,2,4.0,8.0,Credit Card,Takeaway,2023-10-15
Txn_6717074,Tea,3,1.5,4.5,Digital Wallet,Takeaway,2023-06-12
Txn_2902289,Tea,5,1.5,7.5,Credit Card,In-Store,2023-12-16
Txn_9231214,Tea,4,1.5,6.0,Digital Wallet,Takeaway,2023-05-24
Txn_2005789,Juice,3,3.0,9.0,Credit Card,Takeaway,2023-03-13
Txn_9134335,Cake,3,3.0,9.0,Digital Wallet,Takeaway,2023-01-30
Txn_6652858,Salad,5,5.0,25.0,Credit Card,In-Store,2023-09-13
Txn_5932892,Juice,4,3.0,12.0,Digital Wallet,In-Store,2023-11-19
Txn_7466586,Salad,4,5.0,20.0,Digital Wallet,Takeaway,2023-04-02
Txn_4207981,Smoothie,1,4.0,4.0,Digital Wallet,In-Store,2023-03-17
Txn_1165779,Cookie,4,1.0,4.0,Digital Wallet,Takeaway,2023-06-30
Txn_4607933,Smoothie,2,4.0,8.0,Credit Card,In-Store,2023-09-22
Txn_2324227,Cookie,1,1.0,1.0,Digital Wallet,In-Store,2023-06-07
Txn_2452819,Cookie,3,1.0,3.0,Credit Card,In-Store,2023-07-31
Txn_6732494,Coffee,2,2.0,4.0,Credit Card,Takeaway,2023-03-18
Txn_5458161,Sandwich,1,4.0,4.0,Digital Wallet,Takeaway,2023-07-19
Txn_5747094,Juice,2,3.0,6.0,Digital Wallet,Takeaway,2023-05-11
Txn_9782087,Sandwich,4,4.0,16.0,Credit Card,In-Store,2023-07-27
Txn_5824950,Coffee,1,2.0,2.0,Credit Card,In-Store,2023-12-06
Txn_6682782,Cookie,5,1.0,5.0,Cash,In-Store,2023-12-15
Txn_3206293,Cookie,5,1.0,5.0,Digital Wallet,Takeaway,2023-05-04
Txn_2859077,Smoothie,3,4.0,12.0,Digital Wallet,Takeaway,2023-01-31
Txn_8066306,Cake,5,3.0,15.0,Digital Wallet,Takeaway,2023-01-07
Txn_5224275,Cookie,4,1.0,4.0,Credit Card,In-Store,2023-12-17
Txn_3842567,Salad,1,5.0,5.0,Credit Card,In-Store,2023-03-13
Txn_6602557,Cake,4,3.0,12.0,Cash,Takeaway,2023-02-06
Txn_8065180,Smoothie,5,4.0,20.0,Digital Wallet,Takeaway,2023-06-07
Txn_3396099,Coffee,1,2.0,2.0,Digital Wallet,In-Store,2023-04-06
Txn_7767493,Sandwich,5,4.0,20.0,Credit Card,In-Store,2023-02-20
Txn_2954575,Tea,2,1.5,3.0,Digital Wallet,Takeaway,2023-11-14
Txn_2134650,Juice,4,3.0,12.0,Digital Wallet,Takeaway,2023-02-11
Txn_8794205,Cake,4,3.0,12.0,Credit Card,Takeaway,2023-10-22
Txn_8294790,Cookie,1,1.0,1.0,Digital Wallet,Takeaway,2023-09-01
Txn_4207219,Cake,1,3.0,3.0,Cash,In-Store,2023-09-16
Txn_1921415,Cake,1,3.0,3.0,Cash,Takeaway,2023-11-03
Txn_3709876,Coffee,1,2.0,2.0,Credit Card,Takeaway,2023-11-04
Txn_6063689,Cookie,3,1.0,3.0,Cash,In-Store,2023-02-01
Txn_8126762,Coffee,5,2.0,10.0,Digital Wallet,Takeaway,2023-06-08
Txn_1235828,Tea,4,1.5,6.0,Cash,Takeaway,2023-02-19
Txn_4992510,Cookie,4,1.0,4.0,Cash,In-Store,2023-01-26
Txn_6472826,Juice,4,3.0,12.0,Cash,In-Store,2023-04-11
Txn_8131052,Cookie,1,1.0,1.0,Credit Card,Takeaway,2023-09-16
Txn_6636395,Juice,4,3.0,12.0,Cash,In-Store,2023-01-30
Txn_3353615,Coffee,4,2.0,8.0,Credit Card,Takeaway,2023-07-24
Txn_6705109,Cake,3,3.0,9.0,Cash,In-Store,2023-08-05
Txn_8421481,Coffee,4,2.0,8.0,Digital Wallet,Takeaway,2023-07-27
Txn_6201227,Salad,2,5.0,10.0,Cash,Takeaway,2023-01-15
Txn_9052231,Sandwich,1,4.0,4.0,Credit Card,In-Store,2023-08-20
Txn_8228865,Juice,3,3.0,9.0,Digital Wallet,In-Store,2023-09-19
Txn_5875188,Salad,3,5.0,15.0,Digital Wallet,In-Store,2023-07-09
Txn_1307239,Coffee,1,2.0,2.0,Digital Wallet,Takeaway,2023-10-26
Txn_5138519,Cake,5,3.0,15.0,Cash,In-Store,2023-05-22
Txn_6710660,Salad,2,5.0,10.0,Cash,In-Store,2023-02-08
Txn_9523369,Coffee,3,2.0,6.0,Digital Wallet,Takeaway,2023-08-25
Txn_6188931,Cake,5,3.0,15.0,Digital Wallet,In-Store,2023-01-28
Txn_2365394,Cake,2,3.0,6.0,Digital Wallet,In-Store,2023-04-06
Txn_2898188,Salad,4,5.0,20.0,Digital Wallet,Takeaway,2023-04-26
Txn_5300938,Tea,5,1.5,7.5,Cash,Takeaway,2023-10-30
Txn_1489746,Cookie,3,1.0,3.0,Digital Wallet,In-Store,2023-12-18
Txn_2864951,Tea,5,1.5,7.5,Credit Card,Takeaway,2023-10-09
Txn_4762520,Smoothie,1,4.0,4.0,Cash,Takeaway,2023-07-17
Txn_6869880,Juice,4,3.0,12.0,Digital Wallet,Takeaway,2023-08-05
Txn_3054405,Juice,3,3.0,9.0,Cash,In-Store,2023-11-19
Txn_1443201,Cookie,5,1.0,5.0,Credit Card,In-Store,2023-10-03
Txn_9157460,Cake,4,3.0,12.0,Digital Wallet,Takeaway,2023-01-23
Txn_2299364,Salad,1,5.0,5.0,Cash,In-Store,2023-10-26
Txn_9300970,Cake,2,3.0,6.0,Credit Card,Takeaway,2023-03-06
Txn_5747642,Salad,2,5.0,10.0,Cash,Takeaway,2023-07-26
Txn_1505875,Smoothie,4,4.0,16.0,Cash,Takeaway,2023-05-17
Txn_5417192,Cookie,4,1.0,4.0,Cash,In-Store,2023-06-23
Txn_5357157,Juice,4,3.0,12.0,Credit Card,In-Store,2023-05-21
Txn_2000400,Tea,5,1.5,7.5,Digital Wallet,Takeaway,2023-09-29
Txn_3105489,Cake,3,3.0,9.0,Digital Wallet,In-Store,2023-03-14
Txn_2096922,Coffee,3,2.0,6.0,Digital Wallet,Takeaway,2023-12-11
Txn_9265178,Sandwich,4,4.0,16.0,Cash,Takeaway,2023-03-18
Txn_7126770,Cake,4,3.0,12.0,Credit Card,Takeaway,2023-11-09
Txn_6348409,Salad,3,5.0,15.0,Credit Card,Takeaway,2023-07-26
Txn_8160791,Cake,5,3.0,15.0,Digital Wallet,In-Store,2023-10-24
Txn_1647069,Sandwich,1,4.0,4.0,Credit Card,Takeaway,2023-04-06
Txn_1512185,Coffee,4,2.0,8.0,Cash,Takeaway,2023-06-16
Txn_1004563,Tea,5,1.5,7.5,Credit Card,In-Store,2023-10-28
Txn_1927431,Cookie,1,1.0,1.0,Credit Card,In-Store,2023-02-07
Txn_3432433,Cookie,5,1.0,5.0,Cash,In-Store,2023-02-19
Txn_1130142,Cookie,1,1.0,1.0,Credit Card,In-Store,2023-03-13
Txn_3279039,Cake,4,3.0,12.0,Credit Card,In-Store,2023-06-26
Txn_8305936,Juice,3,3.0,9.0,Digital Wallet,In-Store,2023-08-02
Txn_3808895,Salad,2,5.0,10.0,Cash,In-Store,2023-07-13
Txn_6405258,Tea,2,1.5,3.0,Credit Card,Takeaway,2023-08-10
Txn_1224087,Coffee,5,2.0,10.0,Digital Wallet,Takeaway,2023-03-20
Txn_7727118,Smoothie,5,4.0,20.0,Digital Wallet,Takeaway,2023-11-04
Txn_8413949,Juice,1,3.0,3.0,Credit Card,In-Store,2023-10-14
Txn_6541110,Cookie,3,1.0,3.0,Cash,In-Store,2023-12-30
Txn_6814891,Coffee,1,2.0,2.0,Digital Wallet,Takeaway,2023-06-26
Txn_9884180,Salad,1,5.0,5.0,Cash,Takeaway,2023-05-19
Txn_6775024,Coffee,2,2.0,4.0,Cash,In-Store,2023-01-30
Txn_6501361,Salad,5,5.0,25.0,Cash,In-Store,2023-01-17
Txn_4283360,Coffee,2,2.0,4.0,Credit Card,In-Store,2023-12-19
Txn_3956393,Cookie,4,1.0,4.0,Credit Card,In-Store,2023-01-14
Txn_9576057,Tea,5,1.5,7.5,Digital Wallet,Takeaway,2023-03-03
Txn_3779292,Salad,2,5.0,10.0,Credit Card,In-Store,2023-12-30
Txn_5848025,Tea,5,1.5,7.5,Credit Card,In-Store,2023-01-19
Txn_4818703,Cookie,2,1.0,2.0,Digital Wallet,Takeaway,2023-04-20
Txn_6431384,Juice,4,3.0,12.0,Digital Wallet,In-Store,2023-08-06
Txn_5530717,Juice,1,3.0,3.0,Credit Card,In-Store,2023-03-10
Txn_3100053,Cake,3,3.0,9.0,Cash,In-Store,2023-12-19
Txn_6504180,Smoothie,1,4.0,4.0,Digital Wallet,In-Store,2023-08-31
Txn_6378045,Sandwich,5,4.0,20.0,Digital Wallet,In-Store,2023-05-07
Txn_6266147,Juice,3,3.0,9.0,Credit Card,In-Store,2023-01-31
Txn_8815623,Coffee,2,2.0,4.0,Digital Wallet,In-Store,2023-02-03
Txn_3518789,Coffee,2,2.0,4.0,Digital Wallet,Takeaway,2023-12-01
Txn_4767006,Cake,1,3.0,3.0,Cash,Takeaway,2023-08-23
Txn_6572164,Cookie,4,1.0,4.0,Credit Card,Takeaway,2023-01-15
Txn_7524971,Tea,4,1.5,6.0,Digital Wallet,Takeaway,2023-09-05
Txn_1700027,Smoothie,4,4.0,16.0,Digital Wallet,In-Store,2023-06-04
Txn_2409052,Sandwich,1,4.0,4.0,Credit Card,In-Store,2023-07-08
Txn_4849860,Tea,4,1.5,6.0,Credit Card,In-Store,2023-12-01
Txn_9511794,Cookie,1,1.0,1.0,Cash,Takeaway,2023-06-10
Txn_9024781,Smoothie,4,4.0,16.0,Cash,In-Store,2023-09-12
Txn_7771526,Juice,1,3.0,3.0,Cash,In-Store,2023-04-28
Txn_8591813,Coffee,3,2.0,6.0,Cash,Takeaway,2023-10-31
Txn_4095768,Salad,5,5.0,25.0,Digital Wallet,In-Store,2023-06-18
Txn_5534944,Tea,5,1.5,7.5,Credit Card,Takeaway,2023-01-26
Txn_7145259,Juice,2,3.0,6.0,Digital Wallet,In-Store,2023-11-11
Txn_2817018,Sandwich,3,4.0,12.0,Credit Card,Takeaway,2023-04-25
Txn_6012446,Smoothie,4,4.0,16.0,Cash,Takeaway,2023-07-20
Txn_4135134,Cookie,5,1.0,5.0,Credit Card,Takeaway,2023-08-11
Txn_2212234,Juice,2,3.0,6.0,Cash,In-Store,2023-12-22
Txn_4566012,Cookie,5,1.0,5.0,Credit Card,Takeaway,2023-05-10
Txn_5125382,Coffee,1,2.0,2.0,Digital Wallet,In-Store,2023-12-26
Txn_1661068,Salad,3,5.0,15.0,Cash,Takeaway,2023-04-09
Txn_9549381,Juice,1,3.0,3.0,Digital Wallet,In-Store,2023-11-23
Txn_7812084,Sandwich,4,4.0,16.0,Cash,In-Store,2023-01-17
Txn_4552615,Cake,2,3.0,6.0,Cash,Takeaway,2023-04-09
Txn_6745856,Cake,4,3.0,12.0,Cash,In-Store,2023-06-16
Txn_3369191,Cookie,5,1.0,5.0,Cash,Takeaway,2023-02-07
Txn_4398750,Sandwich,2,4.0,8.0,Cash,In-Store,2023-05-28
Txn_9850541,Cookie,4,1.0,4.0,Cash,Takeaway,2023-09-02
Txn_4262142,Cake,2,3.0,6.0,Cash,Takeaway,2023-01-02
Txn_3589218,Salad,2,5.0,10.0,Credit Card,In-Store,2023-06-21
Txn_7303515,Salad,4,5.0,20.0,Cash,In-Store,2023-05-29
Txn_2436779,Cake,1,3.0,3.0,Credit Card,Takeaway,2023-05-24
Txn_2719734,Cake,5,3.0,15.0,Digital Wallet,In-Store,2023-05-22
Txn_8566668,Sandwich,5,4.0,20.0,Digital Wallet,In-Store,2023-02-12
Txn_8284384,Juice,2,3.0,6.0,Digital Wallet,Takeaway,2023-06-05
Txn_2508499,Tea,3,1.5,4.5,Credit Card,In-Store,2023-02-22
Txn_4571510,Smoothie,3,4.0,12.0,Cash,Takeaway,2023-11-19
Txn_4742476,Coffee,2,2.0,4.0,Cash,In-Store,2023-10-27
Txn_8510436,Cake,1,3.0,3.0,Digital Wallet,In-Store,2023-07-19
Txn_7509630,Cookie,3,1.0,3.0,Cash,In-Store,2023-04-20
Txn_4977130,Sandwich,1,4.0,4.0,Digital Wallet,In-Store,2023-07-08
Txn_9284099,Cake,2,3.0,6.0,Digital Wallet,In-Store,2023-07-20
Txn_7454416,Tea,1,1.5,1.5,Credit Card,Takeaway,2023-12-07
Txn_7179013,Juice,5,3.0,15.0,Credit Card,In-Store,2023-05-06
Txn_7694559,Cookie,3,1.0,3.0,Cash,Takeaway,2023-05-05
Txn_5668193,Coffee,5,2.0,10.0,Cash,Takeaway,2023-08-14
Txn_1448501,Cake,4,3.0,12.0,Credit Card,Takeaway,2023-09-10
Txn_7139869,Tea,1,1.5,1.5,Cash,In-Store,2023-06-22
Txn_6419668,Sandwich,3,4.0,12.0,Credit Card,In-Store,2023-04-29
Txn_8810001,Smoothie,5,4.0,20.0,Digital Wallet,Takeaway,2023-12-23
Txn_4439120,Cookie,2,1.0,2.0,Credit Card,In-Store,2023-03-31
Txn_4613510,Cake,5,3.0,15.0,Credit Card,Takeaway,2023-02-16
Txn_2044375,Salad,1,5.0,5.0,Cash,Takeaway,2023-01-05
Txn_6399545,Sandwich,4,4.0,16.0,Credit Card,Takeaway,2023-03-22
Txn_7416880,Cake,1,3.0,3.0,Credit Card,In-Store,2023-07-20
Txn_9617454,Smoothie,1,4.0,4.0,Digital Wallet,Takeaway,2023-08-22
Txn_6421446,Cake,2,3.0,6.0,Cash,Takeaway,2023-09-17
Txn_6805882,Cookie,4,1.0,4.0,Cash,In-Store,2023-09-04
Txn_5398922,Salad,1,5.0,5.0,Cash,In-Store,2023-01-10
Txn_3458602,Cake,2,3.0,6.0,Cash,In-Store,2023-11-18
Txn_1368769,Cookie,3,1.0,3.0,Credit Card,Takeaway,2023-06-02
Txn_4343848,Cookie,5,1.0,5.0,Credit Card,Takeaway,2023-07-16
Txn_7656355,Sandwich,3,4.0,12.0,Credit Card,Takeaway,2023-09-11
Txn_4434005,Cookie,1,1.0,1.0,Digital Wallet,In-Store,2023-03-20
Txn_9882625,Sandwich,1,4.0,4.0,Cash,In-Store,2023-03-26
Txn_2485272,Tea,4,1.5,6.0,Digital Wallet,Takeaway,2023-06-30
Txn_9592941,Tea,5,1.5,7.5,Digital Wallet,In-Store,2023-04-08
Txn_5279972,Smoothie,4,4.0,16.0,Credit Card,Takeaway,2023-01-07
Txn_3986639,Salad,1,5.0,5.0,Credit Card,In-Store,2023-10-09
Txn_2915287,Salad,1,5.0,5.0,Digital Wallet,Takeaway,2023-01-16
Txn_1607471,Sandwich,2,4.0,8.0,Credit Card,Takeaway,2023-01-03
Txn_1244739,Salad,2,5.0,10.0,Credit Card,Takeaway,2023-09-13
Txn_6807913,Juice,3,3.0,9.0,Credit Card,Takeaway,2023-01-22
Txn_6438869,Juice,5,3.0,15.0,Credit Card,Takeaway,2023-10-30
Txn_2337113,Coffee,1,2.0,2.0,Digital Wallet,Takeaway,2023-11-19
Txn_2417721,Coffee,4,2.0,8.0,Credit Card,Takeaway,2023-10-20
Txn_8233101,Salad,2,5.0,10.0,Cash,In-Store,2023-02-12
Txn_1247244,Sandwich,1,4.0,4.0,Digital Wallet,In-Store,2023-12-27
Txn_4292280,Cake,4,3.0,12.0,Cash,Takeaway,2023-01-01
Txn_3670476,Tea,3,1.5,4.5,Cash,Takeaway,2023-03-25
Txn_4506936,Cookie,1,1.0,1.0,Credit Card,Takeaway,2023-03-20
Txn_2827994,Cake,5,3.0,15.0,Digital Wallet,In-Store,2023-12-04
Txn_7924635,Smoothie,5,4.0,20.0,Digital Wallet,Takeaway,2023-02-21
Txn_9723314,Coffee,4,2.0,8.0,Cash,In-Store,2023-10-10
Txn_3920436,Juice,2,3.0,6.0,Digital Wallet,In-Store,2023-11-19
Txn_8710758,Sandwich,3,4.0,12.0,Credit Card,In-Store,2023-01-12
Txn_4873180,Tea,5,1.5,7.5,Digital Wallet,In-Store,2023-01-17
Txn_2830671,Sandwich,1,4.0,4.0,Cash,Takeaway,2023-11-08
Txn_5337074,Cookie,3,1.0,3.0,Credit Card,In-Store,2023-01-12
Txn_5793417,Sandwich,2,4.0,8.0,Digital Wallet,In-Store,2023-12-29
Txn_6585794,Smoothie,5,4.0,20.0,Credit Card,In-Store,2023-02-15
Txn_5721846,Cookie,3,1.0,3.0,Cash,Takeaway,2023-04-14
Txn_6487493,Salad,3,5.0,15.0,Cash,In-Store,2023-03-13
Txn_9395087,Tea,1,1.5,1.5,Cash,In-Store,2023-06-12
Txn_7738013,Salad,5,5.0,25.0,Credit Card,Takeaway,2023-11-28
Txn_1461221,Salad,2,5.0,10.0,Cash,In-Store,2023-04-30
Txn_2056358,Coffee,3,2.0,6.0,Cash,In-Store,2023-09-17
Txn_1004184,Smoothie,1,4.0,4.0,Credit Card,In-Store,2023-05-18
Txn_2980632,Cookie,3,1.0,3.0,Credit Card,Takeaway,2023-01-14
Txn_5722123,Cake,4,3.0,12.0,Digital Wallet,Takeaway,2023-11-23
Txn_5927925,Juice,4,3.0,12.0,Digital Wallet,In-Store,2023-11-02
Txn_5101593,Cake,5,3.0,15.0,Credit Card,Takeaway,2023-01-25
Txn_1578981,Cake,1,3.0,3.0,Cash,In-Store,2023-05-15
Txn_7876388,Cookie,4,1.0,4.0,Cash,In-Store,2023-10-05
Txn_5939363,Tea,5,1.5,7.5,Credit Card,In-Store,2023-02-14
Txn_7811387,Cookie,5,1.0,5.0,Credit Card,Takeaway,2023-11-30
Txn_1884923,Coffee,4,2.0,8.0,Digital Wallet,Takeaway,2023-05-11
Txn_6035512,Cake,5,3.0,15.0,Cash,Takeaway,2023-02-19
Txn_1398769,Smoothie,1,4.0,4.0,Cash,In-Store,2023-06-02
Txn_9690711,Cookie,2,1.0,2.0,Credit Card,In-Store,2023-09-13
Txn_7595206,Sandwich,5,4.0,20.0,Credit Card,In-Store,2023-12-02
Txn_8424592,Smoothie,4,4.0,16.0,Credit Card,Takeaway,2023-11-09
Txn_7820220,Cake,3,3.0,9.0,Credit Card,In-Store,2023-03-16
Txn_5880883,Sandwich,5,4.0,20.0,Digital Wallet,In-Store,2023-02-02
Txn_4447856,Smoothie,2,4.0,8.0,Cash,Takeaway,2023-09-11
Txn_6613909,Cake,4,3.0,12.0,Credit Card,In-Store,2023-06-30
Txn_5331924,Sandwich,2,4.0,8.0,Cash,Takeaway,2023-06-30
Txn_6580743,Coffee,1,2.0,2.0,Digital Wallet,Takeaway,2023-12-18
Txn_8361821,Tea,5,1.5,7.5,Cash,In-Store,2023-06-30
Txn_2103626,Juice,3,3.0,9.0,Cash,In-Store,2023-04-23
Txn_1891141,Juice,4,3.0,12.0,Digital Wallet,In-Store,2023-10-25
Txn_1252575,Tea,1,1.5,1.5,Digital Wallet,Takeaway,2023-10-16
Txn_5247378,Sandwich,2,4.0,8.0,Digital Wallet,Takeaway,2023-06-16
Txn_8304002,Juice,1,3.0,3.0,Credit Card,Takeaway,2023-05-02
Txn_7433308,Salad,4,5.0,20.0,Cash,Takeaway,2023-02-14
Txn_6991736,Juice,2,3.0,6.0,Digital Wallet,In-Store,2023-11-07
Txn_7334272,Sandwich,2,4.0,8.0,Credit Card,Takeaway,2023-07-07
Txn_4705417,Salad,5,5.0,25.0,Credit Card,Takeaway,2023-12-14
Txn_8145970,Juice,5,3.0,15.0,Digital Wallet,Takeaway,2023-10-26
Txn_6020552,Sandwich,2,4.0,8.0,Cash,Takeaway,2023-01-14
Txn_6913384,Tea,3,1.5,4.5,Credit Card,Takeaway,2023-09-18
Txn_1445532,Coffee,3,2.0,6.0,Cash,Takeaway,2023-03-03
Txn_2563505,Sandwich,1,4.0,4.0,Cash,Takeaway,2023-10-27
Txn_5795475,Tea,3,1.5,4.5,Digital Wallet,In-Store,2023-09-21
Txn_5530097,Juice,2,3.0,6.0,Credit Card,Takeaway,2023-12-19
Txn_9094261,Juice,2,3.0,6.0,Digital Wallet,Takeaway,2023-05-15
Txn_5661323,Cookie,2,1.0,2.0,Credit Card,Takeaway,2023-05-06
Txn_9697154,Tea,3,1.5,4.5,Credit Card,In-Store,2023-10-08
Txn_6381860,Coffee,1,2.0,2.0,Digital Wallet,In-Store,2023-08-21
Txn_6052901,Smoothie,5,4.0,20.0,Credit Card,Takeaway,2023-08-16
Txn_5537517,Smoothie,3,4.0,12.0,Digital Wallet,Takeaway,2023-10-27
Txn_5496019,Cookie,5,1.0,5.0,Cash,In-Store,2023-11-26
Txn_3620122,Sandwich,1,4.0,4.0,Cash,In-Store,2023-05-06
Txn_8367716,Tea,2,1.5,3.0,Credit Card,Takeaway,2023-02-03
Txn_8385321,Smoothie,2,4.0,8.0,Credit Card,Takeaway,2023-02-08
Txn_5345258,Salad,2,5.0,10.0,Credit Card,Takeaway,2023-03-13
Txn_8932759,Smoothie,3,4.0,12.0,Credit Card,Takeaway,2023-09-01
Txn_3898665,Sandwich,2,4.0,8.0,Cash,Takeaway,2023-03-07
Txn_4808700,Cookie,4,1.0,4.0,Cash,Takeaway,2023-01-13
Txn_5776252,Tea,4,1.5,6.0,Cash,Takeaway,2023-08-11
Txn_5673476,Smoothie,4,4.0,16.0,Cash,Takeaway,2023-02-09
Txn_2031545,Juice,2,3.0,6.0,Digital Wallet,In-Store,2023-05-02
Txn_4676976,Smoothie,3,4.0,12.0,Digital Wallet,In-Store,2023-05-26
Txn_8560548,Sandwich,1,4.0,4.0,Credit Card,Takeaway,2023-09-02
Txn_1240476,Juice,2,3.0,6.0,Digital Wallet,Takeaway,2023-04-20
Txn_1585827,Cake,3,3.0,9.0,Credit Card,In-Store,2023-09-30
Txn_1990029,Tea,4,1.5,6.0,Credit Card,In-Store,2023-11-18
Txn_5796131,Smoothie,3,4.0,12.0,Digital Wallet,Takeaway,2023-09-30
Txn_3042768,Cookie,3,1.0,3.0,Digital Wallet,Takeaway,2023-09-07
Txn_4664329,Tea,2,1.5,3.0,Credit Card,Takeaway,2023-01-06
Txn_7442492,Salad,5,5.0,25.0,Credit Card,Takeaway,2023-07-23
Txn_8664335,Sandwich,5,4.0,20.0,Digital Wallet,Takeaway,2023-06-12
Txn_5321145,Sandwich,5,4.0,20.0,Digital Wallet,Takeaway,2023-08-29
Txn_3884995,Juice,5,3.0,15.0,Cash,In-Store,2023-12-25
Txn_4178488,Sandwich,3,4.0,12.0,Cash,In-Store,2023-05-08
Txn_9073440,Sandwich,2,4.0,8.0,Credit Card,Takeaway,2023-08-28
Txn_4089355,Salad,2,5.0,10.0,Credit Card,Takeaway,2023-02-18
Txn_1882700,Tea,3,1.5,4.5,Digital Wallet,In-Store,2023-04-18
Txn_2112911,Salad,3,5.0,15.0,Digital Wallet,Takeaway,2023-09-18
Txn_1419669,Cake,5,3.0,15.0,Cash,Takeaway,2023-03-07
Txn_5453836,Smoothie,2,4.0,8.0,Credit Card,In-Store,2023-05-29
Txn_2274702,Cookie,5,1.0,5.0,Credit Card,In-Store,2023-12-11
Txn_8809853,Coffee,1,2.0,2.0,Digital Wallet,Takeaway,2023-10-29
Txn_9685326,Smoothie,3,4.0,12.0,Digital Wallet,Takeaway,2023-04-07
Txn_4092551,Juice,5,3.0,15.0,Credit Card,Takeaway,2023-10-11
Txn_7241288,Sandwich,5,4.0,20.0,Cash,Takeaway,2023-04-11
Txn_1436851,Sandwich,5,4.0,20.0,Cash,Takeaway,2023-07-28
Txn_1417871,Salad,3,5.0,15.0,Cash,Takeaway,2023-03-12
Txn_6674257,Sandwich,3,4.0,12.0,Cash,Takeaway,2023-07-20
Txn_9254064,Coffee,2,2.0,4.0,Cash,Takeaway,2023-12-10
Txn_4554168,Tea,4,1.5,6.0,Digital Wallet,In-Store,2023-04-08
Txn_6536418,Salad,5,5.0,25.0,Credit Card,In-Store,2023-02-11
Txn_5439860,Tea,1,1.5,1.5,Digital Wallet,In-Store,2023-04-18
Txn_3216618,Salad,4,5.0,20.0,Credit Card,In-Store,2023-12-30
Txn_8360779,Cookie,4,1.0,4.0,Credit Card,In-Store,2023-10-25
Txn_6369590,Salad,5,5.0,25.0,Digital Wallet,Takeaway,2023-10-26
Txn_5039782,Tea,3,1.5,4.5,Credit Card,Takeaway,2023-06-21
Txn_3171673,Smoothie,2,4.0,8.0,Digital Wallet,Takeaway,2023-12-07
Txn_4827637,Smoothie,4,4.0,16.0,Cash,In-Store,2023-04-28
Txn_1170198,Tea,4,1.5,6.0,Credit Card,In-Store,2023-02-09
Txn_8166527,Salad,2,5.0,10.0,Cash,In-Store,2023-05-24
Txn_3097593,Smoothie,2,4.0,8.0,Credit Card,In-Store,2023-06-18
Txn_3431526,Cookie,3,1.0,3.0,Credit Card,Takeaway,2023-12-27
Txn_9799633,Juice,4,3.0,12.0,Cash,In-Store,2023-11-07
Txn_4252036,Sandwich,2,4.0,8.0,Cash,Takeaway,2023-01-22
Txn_9992148,Tea,3,1.5,4.5,Cash,Takeaway,2023-01-14
Txn_9982090,Tea,5,1.5,7.5,Digital Wallet,In-Store,2023-06-03
Txn_8402941,Cake,5,3.0,15.0,Credit Card,In-Store,2023-11-26
Txn_7976001,Juice,4,3.0,12.0,Credit Card,In-Store,2023-06-27
Txn_3629728,Smoothie,1,4.0,4.0,Digital Wallet,Takeaway,2023-03-11
Txn_1907428,Juice,4,3.0,12.0,Credit Card,In-Store,2023-06-06
Txn_5765294,Cookie,4,1.0,4.0,Digital Wallet,In-Store,2023-11-14
Txn_2273573,Cookie,5,1.0,5.0,Cash,In-Store,2023-11-12
Txn_5049646,Juice,2,3.0,6.0,Credit Card,In-Store,2023-08-30
Txn_4031726,Cake,4,3.0,12.0,Credit Card,Takeaway,2023-11-22
Txn_9512112,Coffee,4,2.0,8.0,Cash,Takeaway,2023-05-25
Txn_5483635,Juice,3,3.0,9.0,Credit Card,In-Store,2023-03-23
Txn_3478169,Juice,2,3.0,6.0,Cash,In-Store,2023-02-03
Txn_3842766,Tea,3,1.5,4.5,Credit Card,In-Store,2023-03-24
Txn_3822036,Smoothie,3,4.0,12.0,Credit Card,Takeaway,2023-05-07
Txn_3619141,Cookie,4,1.0,4.0,Digital Wallet,In-Store,2023-09-30
Txn_7160017,Juice,1,3.0,3.0,Cash,In-Store,2023-09-27
Txn_5919038,Cookie,1,1.0,1.0,Credit Card,In-Store,2023-12-15
Txn_2916992,Salad,2,5.0,10.0,Cash,Takeaway,2023-08-20
Txn_5347338,Cake,4,3.0,12.0,Digital Wallet,Takeaway,2023-07-04
Txn_3654670,Juice,1,3.0,3.0,Credit Card,Takeaway,2023-06-14
Txn_1870423,Salad,2,5.0,10.0,Credit Card,Takeaway,2023-04-12
Txn_1006942,Salad,1,5.0,5.0,Credit Card,In-Store,2023-11-30
Txn_8742689,Tea,5,1.5,7.5,Digital Wallet,Takeaway,2023-01-05
Txn_7124156,Salad,1,5.0,5.0,Credit Card,Takeaway,2023-07-28
Txn_3150614,Sandwich,1,4.0,4.0,Cash,Takeaway,2023-08-06
Txn_5263693,Juice,1,3.0,3.0,Digital Wallet,Takeaway,2023-01-20
Txn_1702437,Smoothie,4,4.0,16.0,Credit Card,Takeaway,2023-06-27
Txn_8965025,Salad,1,5.0,5.0,Cash,In-Store,2023-04-14
Txn_1334406,Juice,1,3.0,3.0,Digital Wallet,In-Store,2023-09-26
Txn_1556708,Smoothie,1,4.0,4.0,Digital Wallet,Takeaway,2023-06-11
Txn_8422494,Salad,4,5.0,20.0,Cash,In-Store,2023-06-08
Txn_3427754,Smoothie,2,4.0,8.0,Digital Wallet,Takeaway,2023-08-06
Txn_5020643,Tea,3,1.5,4.5,Digital Wallet,In-Store,2023-10-19
Txn_8170122,Cookie,5,1.0,5.0,Digital Wallet,In-Store,2023-03-20
Txn_1133945,Smoothie,2,4.0,8.0,Digital Wallet,In-Store,2023-10-23
Txn_9814929,Cake,3,3.0,9.0,Digital Wallet,In-Store,2023-10-01
Txn_1826919,Juice,4,3.0,12.0,Credit Card,In-Store,2023-02-21
Txn_3135048,Salad,1,5.0,5.0,Credit Card,Takeaway,2023-02-03
Txn_9120328,Tea,5,1.5,7.5,Credit Card,Takeaway,2023-10-22
Txn_7543921,Coffee,3,2.0,6.0,Cash,In-Store,2023-12-06
Txn_2970011,Coffee,4,2.0,8.0,Credit Card,Takeaway,2023-06-04
Txn_5556328,Tea,5,1.5,7.5,Digital Wallet,In-Store,2023-12-10
Txn_8786159,Coffee,3,2.0,6.0,Cash,In-Store,2023-04-05
Txn_4439321,Coffee,3,2.0,6.0,Cash,In-Store,2023-04-25
Txn_7323885,Sandwich,5,4.0,20.0,Cash,In-Store,2023-09-15
Txn_4019040,Tea,1,1.5,1.5,Cash,In-Store,2023-02-01
Txn_1570573,Sandwich,3,4.0,12.0,Digital Wallet,Takeaway,2023-04-09
Txn_5991995,Cake,1,3.0,3.0,Digital Wallet,In-Store,2023-01-08
Txn_6004431,Sandwich,2,4.0,8.0,Cash,Takeaway,2023-04-07
Txn_8122317,Coffee,3,2.0,6.0,Cash,Takeaway,2023-10-16
Txn_3394874,Coffee,4,2.0,8.0,Credit Card,Takeaway,2023-06-18
Txn_1285279,Coffee,2,2.0,4.0,Cash,Takeaway,2023-04-09
Txn_7151817,Sandwich,1,4.0,4.0,Cash,In-Store,2023-05-18
Txn_7514589,Juice,3,3.0,9.0,Cash,Takeaway,2023-07-25
Txn_8019335,Smoothie,3,4.0,12.0,Digital Wallet,Takeaway,2023-11-26
Txn_1278539,Tea,1,1.5,1.5,Credit Card,Takeaway,2023-04-04
Txn_1186221,Salad,4,5.0,20.0,Cash,Takeaway,2023-04-21
Txn_9028798,Cake,2,3.0,6.0,Cash,In-Store,2023-05-25
Txn_5249091,Smoothie,5,4.0,20.0,Credit Card,In-Store,2023-08-15
Txn_9507397,Cookie,3,1.0,3.0,Credit Card,Takeaway,2023-10-26
Txn_3300171,Cookie,5,1.0,5.0,Credit Card,In-Store,2023-02-14
Txn_6373380,Coffee,4,2.0,8.0,Cash,In-Store,2023-07-21
Txn_2227781,Cake,1,3.0,3.0,Cash,Takeaway,2023-01-21
Txn_5234152,Cookie,5,1.0,5.0,Digital Wallet,Takeaway,2023-03-26
Txn_6262910,Cake,4,3.0,12.0,Cash,Takeaway,2023-07-02
Txn_7543841,Cookie,3,1.0,3.0,Cash,In-Store,2023-11-07
Txn_1058957,Juice,2,3.0,6.0,Cash,In-Store,2023-03-21
Txn_2728444,Salad,1,5.0,5.0,Digital Wallet,Takeaway,2023-01-23
Txn_7939659,Cake,3,3.0,9.0,Digital Wallet,Takeaway,2023-07-26
Txn_7531403,Smoothie,2,4.0,8.0,Cash,In-Store,2023-07-08
Txn_7302788,Coffee,1,2.0,2.0,Cash,In-Store,2023-09-18
Txn_4028494,Cake,3,3.0,9.0,Digital Wallet,In-Store,2023-10-22
Txn_1412415,Juice,3,3.0,9.0,Cash,In-Store,2023-02-24
Txn_6546131,Coffee,4,2.0,8.0,Credit Card,In-Store,2023-06-26
Txn_9030656,Juice,5,3.0,15.0,Digital Wallet,Takeaway,2023-12-12
Txn_1950777,Salad,5,5.0,25.0,Cash,Takeaway,2023-08-26
Txn_7874772,Tea,1,1.5,1.5,Credit Card,Takeaway,2023-04-26
Txn_2625464,Smoothie,3,4.0,12.0,Credit Card,In-Store,2023-10-06
Txn_9338442,Cake,1,3.0,3.0,Digital Wallet,In-Store,2023-12-29
Txn_2953908,Coffee,5,2.0,10.0,Credit Card,In-Store,2023-10-11
Txn_6410244,Tea,4,1.5,6.0,Credit Card,Takeaway,2023-01-06
Txn_3106348,Salad,4,5.0,20.0,Digital Wallet,In-Store,2023-01-10
Txn_6216278,Coffee,4,2.0,8.0,Credit Card,In-Store,2023-11-06
Txn_9947324,Sandwich,2,4.0,8.0,Digital Wallet,Takeaway,2023-08-22
Txn_5789560,Juice,2,3.0,6.0,Cash,Takeaway,2023-02-13
Txn_7733300,Smoothie,2,4.0,8.0,Cash,Takeaway,2023-12-10
Txn_3551665,Juice,4,3.0,12.0,Credit Card,In-Store,2023-04-06
Txn_5023419,Cookie,3,1.0,3.0,Digital Wallet,Takeaway,2023-02-26
Txn_9951411,Coffee,1,2.0,2.0,Cash,In-Store,2023-08-09
Txn_3520910,Salad,1,5.0,5.0,Credit Card,Takeaway,2023-05-06
Txn_9619442,Cake,4,3.0,12.0,Digital Wallet,In-Store,2023-05-23
Txn_6746916,Coffee,1,2.0,2.0,Cash,Takeaway,2023-11-15
Txn_8407982,Salad,2,5.0,10.0,Digital Wallet,Takeaway,2023-09-17
Txn_3484276,Cookie,5,1.0,5.0,Digital Wallet,Takeaway,2023-06-14
Txn_4105487,Sandwich,4,4.0,16.0,Digital Wallet,In-Store,2023-04-13
Txn_3669990,Tea,2,1.5,3.0,Cash,Takeaway,2023-01-27
Txn_9555958,Smoothie,4,4.0,16.0,Digital Wallet,Takeaway,2023-09-30
Txn_7780748,Cookie,3,1.0,3.0,Credit Card,In-Store,2023-01-19
Txn_1048284,Salad,2,5.0,10.0,Cash,In-Store,2023-08-19
Txn_3120848,Cookie,1,1.0,1.0,Cash,In-Store,2023-11-01
Txn_3315467,Sandwich,2,4.0,8.0,Digital Wallet,Takeaway,2023-11-17
Txn_1477525,Salad,3,5.0,15.0,Cash,Takeaway,2023-11-06
Txn_8548232,Sandwich,4,4.0,16.0,Digital Wallet,In-Store,2023-06-21
Txn_3241422,Salad,2,5.0,10.0,Cash,Takeaway,2023-07-17
Txn_2756336,Smoothie,3,4.0,12.0,Credit Card,Takeaway,2023-07-07
Txn_1015883,Cookie,4,1.0,4.0,Cash,In-Store,2023-10-16
Txn_8838566,Cake,5,3.0,15.0,Digital Wallet,In-Store,2023-07-25
Txn_7670699,Juice,1,3.0,3.0,Cash,In-Store,2023-12-24
Txn_7423885,Juice,4,3.0,12.0,Digital Wallet,Takeaway,2023-09-06
Txn_3112013,Sandwich,5,4.0,20.0,Cash,In-Store,2023-01-06
Txn_7786787,Tea,1,1.5,1.5,Credit Card,Takeaway,2023-07-08
Txn_8566683,Smoothie,4,4.0,16.0,Cash,Takeaway,2023-08-09
Txn_2784588,Juice,2,3.0,6.0,Cash,Takeaway,2023-03-26
Txn_9841397,Coffee,4,2.0,8.0,Cash,In-Store,2023-12-28
Txn_8933679,Salad,3,5.0,15.0,Digital Wallet,In-Store,2023-09-24
Txn_8578861,Salad,5,5.0,25.0,Digital Wallet,In-Store,2023-05-16
Txn_4807037,Salad,5,5.0,25.0,Cash,In-Store,2023-12-08
Txn_3312653,Cookie,5,1.0,5.0,Cash,Takeaway,2023-12-09
Txn_7854306,Sandwich,1,4.0,4.0,Cash,In-Store,2023-09-17
Txn_2398895,Juice,5,3.0,15.0,Digital Wallet,In-Store,2023-04-04
Txn_8724711,Salad,3,5.0,15.0,Cash,In-Store,2023-02-07
Txn_8261380,Cake,3,3.0,9.0,Cash,In-Store,2023-10-01
Txn_4799873,Cookie,3,1.0,3.0,Digital Wallet,In-Store,2023-03-04
Txn_3014261,Salad,4,5.0,20.0,Cash,In-Store,2023-11-29
Txn_4312977,Juice,1,3.0,3.0,Digital Wallet,In-Store,2023-03-15
Txn_7176851,Tea,4,1.5,6.0,Credit Card,Takeaway,2023-11-20
Txn_6632882,Smoothie,1,4.0,4.0,Digital Wallet,In-Store,2023-04-30
Txn_7775016,Sandwich,5,4.0,20.0,Cash,In-Store,2023-09-27
Txn_5124080,Cookie,1,1.0,1.0,Credit Card,In-Store,2023-01-14
Txn_7089316,Tea,2,1.5,3.0,Cash,In-Store,2023-11-27
Txn_6850528,Cookie,3,1.0,3.0,Cash,In-Store,2023-10-13
Txn_4858908,Cake,2,3.0,6.0,Cash,In-Store,2023-02-11
Txn_5172164,Tea,3,1.5,4.5,Digital Wallet,In-Store,2023-09-13
Txn_3373078,Smoothie,4,4.0,16.0,Digital Wallet,In-Store,2023-12-01
Txn_7701878,Smoothie,4,4.0,16.0,Credit Card,In-Store,2023-08-11
Txn_2931198,Cake,2,3.0,6.0,Credit Card,In-Store,2023-04-21
Txn_6980463,Salad,1,5.0,5.0,Digital Wallet,In-Store,2023-09-03
Txn_4310629,Cake,3,3.0,9.0,Credit Card,Takeaway,2023-10-02
Txn_3781198,Cake,3,3.0,9.0,Digital Wallet,In-Store,2023-11-04
Txn_5525916,Coffee,2,2.0,4.0,Cash,Takeaway,2023-03-02
Txn_4297979,Coffee,1,2.0,2.0,Digital Wallet,In-Store,2023-08-14
Txn_1686323,Smoothie,4,4.0,16.0,Digital Wallet,In-Store,2023-11-30
Txn_6225571,Smoothie,2,4.0,8.0,Credit Card,Takeaway,2023-09-13
Txn_8117583,Salad,1,5.0,5.0,Cash,In-Store,2023-02-25
Txn_3483911,Salad,1,5.0,5.0,Digital Wallet,Takeaway,2023-07-10
Txn_4417257,Salad,5,5.0,25.0,Digital Wallet,Takeaway,2023-05-06
Txn_2871592,Cookie,4,1.0,4.0,Cash,In-Store,2023-08-07
Txn_8283199,Juice,3,3.0,9.0,Digital Wallet,Takeaway,2023-01-23
Txn_7029944,Cookie,2,1.0,2.0,Cash,Takeaway,2023-04-17
Txn_9791421,Sandwich,1,4.0,4.0,Cash,Takeaway,2023-07-15
Txn_7359566,Coffee,1,2.0,2.0,Cash,In-Store,2023-04-06
Txn_4813580,Sandwich,3,4.0,12.0,Digital Wallet,Takeaway,2023-04-15
Txn_4583957,Cookie,2,1.0,2.0,Credit Card,Takeaway,2023-10-08
Txn_8847610,Juice,3,3.0,9.0,Digital Wallet,Takeaway,2023-12-06
Txn_9817102,Coffee,3,2.0,6.0,Credit Card,In-Store,2023-02-22
Txn_5811955,Salad,2,5.0,10.0,Credit Card,Takeaway,2023-06-29
Txn_3039985,Cookie,5,1.0,5.0,Digital Wallet,In-Store,2023-04-08
Txn_1193221,Tea,3,1.5,4.5,Credit Card,In-Store,2023-10-21
Txn_6699408,Cookie,5,1.0,5.0,Cash,Takeaway,2023-12-22
Txn_6400351,Juice,2,3.0,6.0,Digital Wallet,Takeaway,2023-08-11
Txn_7343062,Sandwich,5,4.0,20.0,Digital Wallet,In-Store,2023-08-11
Txn_2535099,Sandwich,5,4.0,20.0,Credit Card,In-Store,2023-02-10
Txn_2951148,Sandwich,4,4.0,16.0,Cash,In-Store,2023-02-21
Txn_1294101,Tea,5,1.5,7.5,Digital Wallet,Takeaway,2023-03-31
Txn_4336247,Coffee,5,2.0,10.0,Digital Wallet,Takeaway,2023-03-03
Txn_1356599,Cookie,2,1.0,2.0,Cash,Takeaway,2023-12-14
Txn_4568452,Cookie,3,1.0,3.0,Digital Wallet,In-Store,2023-01-14
Txn_5036856,Coffee,5,2.0,10.0,Cash,In-Store,2023-03-27
Txn_8043218,Salad,2,5.0,10.0,Cash,In-Store,2023-10-23
Txn_4026277,Tea,3,1.5,4.5,Digital Wallet,In-Store,2023-08-27
Txn_9918597,Smoothie,4,4.0,16.0,Digital Wallet,In-Store,2023-10-17
Txn_3460926,Juice,3,3.0,9.0,Digital Wallet,Takeaway,2023-03-25
Txn_8872997,Sandwich,4,4.0,16.0,Credit Card,In-Store,2023-01-31
Txn_9089797,Coffee,1,2.0,2.0,Credit Card,Takeaway,2023-09-19
Txn_8978004,Coffee,2,2.0,4.0,Digital Wallet,In-Store,2023-04-01
Txn_9679889,Sandwich,3,4.0,12.0,Credit Card,In-Store,2023-06-18
Txn_4077799,Cake,4,3.0,12.0,Digital Wallet,Takeaway,2023-08-12
Txn_2084080,Cookie,4,1.0,4.0,Digital Wallet,Takeaway,2023-09-22
Txn_8046057,Coffee,1,2.0,2.0,Credit Card,In-Store,2023-11-24
Txn_3752448,Cake,5,3.0,15.0,Digital Wallet,Takeaway,2023-05-16
Txn_3847405,Sandwich,1,4.0,4.0,Digital Wallet,Takeaway,2023-06-15
Txn_5103644,Cake,4,3.0,12.0,Credit Card,Takeaway,2023-04-17
Txn_8925566,Tea,2,1.5,3.0,Digital Wallet,In-Store,2023-08-07
Txn_1679800,Smoothie,4,4.0,16.0,Cash,In-Store,2023-10-17
Txn_3785678,Tea,1,1.5,1.5,Credit Card,Takeaway,2023-03-13
Txn_2289122,Smoothie,4,4.0,16.0,Cash,In-Store,2023-08-20
Txn_2988434,Juice,1,3.0,3.0,Digital Wallet,In-Store,2023-12-09
Txn_7327362,Coffee,5,2.0,10.0,Credit Card,In-Store,2023-06-29
Txn_6000890,Coffee,3,2.0,6.0,Digital Wallet,In-Store,2023-01-06
Txn_7420434,Coffee,4,2.0,8.0,Credit Card,Takeaway,2023-07-16
Txn_1556046,Sandwich,4,4.0,16.0,Credit Card,Takeaway,2023-04-09
Txn_7129511,Coffee,5,2.0,10.0,Cash,Takeaway,2023-10-29
Txn_6324434,Coffee,4,2.0,8.0,Cash,Takeaway,2023-12-04
Txn_6455325,Juice,4,3.0,12.0,Credit Card,In-Store,2023-01-05
Txn_6682253,Tea,5,1.5,7.5,Cash,In-Store,2023-02-17
Txn_7819240,Smoothie,5,4.0,20.0,Cash,In-Store,2023-03-06
Txn_4451380,Cookie,3,1.0,3.0,Digital Wallet,In-Store,2023-07-10
Txn_3706167,Sandwich,5,4.0,20.0,Digital Wallet,Takeaway,2023-10-02
Txn_7414587,Tea,3,1.5,4.5,Cash,Takeaway,2023-03-22
Txn_4315166,Sandwich,2,4.0,8.0,Digital Wallet,Takeaway,2023-06-10
Txn_2503128,Cake,1,3.0,3.0,Cash,In-Store,2023-01-12
Txn_5726114,Smoothie,3,4.0,12.0,Digital Wallet,Takeaway,2023-07-14
Txn_7480940,Coffee,2,2.0,4.0,Cash,In-Store,2023-01-25
Txn_5036614,Smoothie,4,4.0,16.0,Digital Wallet,In-Store,2023-10-10
Txn_1417291,Juice,4,3.0,12.0,Digital Wallet,In-Store,2023-05-11
Txn_1231531,Coffee,5,2.0,10.0,Digital Wallet,In-Store,2023-07-24
Txn_8754977,Sandwich,3,4.0,12.0,Digital Wallet,In-Store,2023-10-24
Txn_2052060,Sandwich,3,4.0,12.0,Cash,Takeaway,2023-11-07
Txn_9576454,Juice,1,3.0,3.0,Credit Card,In-Store,2023-09-23
Txn_7907259,Cake,1,3.0,3.0,Digital Wallet,Takeaway,2023-10-19
Txn_6021173,Juice,5,3.0,15.0,Cash,Takeaway,2023-12-16
Txn_6272473,Coffee,4,2.0,8.0,Cash,Takeaway,2023-03-06
Txn_5243032,Cookie,1,1.0,1.0,Cash,Takeaway,2023-08-24
Txn_7680197,Cookie,5,1.0,5.0,Cash,Takeaway,2023-09-23
Txn_8773639,Coffee,3,2.0,6.0,Digital Wallet,Takeaway,2023-02-20
Txn_5960979,Coffee,5,2.0,10.0,Digital Wallet,In-Store,2023-05-03
Txn_7894534,Tea,3,1.5,4.5,Credit Card,In-Store,2023-03-16
Txn_5720183,Cookie,5,1.0,5.0,Credit Card,Takeaway,2023-05-30
Txn_6382322,Tea,3,1.5,4.5,Digital Wallet,In-Store,2023-12-14
Txn_7728415,Tea,5,1.5,7.5,Credit Card,In-Store,2023-12-28
Txn_5285171,Sandwich,5,4.0,20.0,Cash,Takeaway,2023-12-11
Txn_2999220,Smoothie,4,4.0,16.0,Digital Wallet,Takeaway,2023-02-23
Txn_6680963,Sandwich,2,4.0,8.0,Credit Card,Takeaway,2023-08-01
Txn_2308317,Coffee,2,2.0,4.0,Digital Wallet,Takeaway,2023-11-13
Txn_2276722,Salad,2,5.0,10.0,Cash,Takeaway,2023-12-21
Txn_2519044,Salad,5,5.0,25.0,Digital Wallet,Takeaway,2023-05-20
Txn_2851147,Salad,2,5.0,10.0,Digital Wallet,In-Store,2023-06-24
Txn_5220523,Juice,3,3.0,9.0,Cash,Takeaway,2023-01-30
Txn_5934526,Coffee,5,2.0,10.0,Credit Card,In-Store,2023-05-27
Txn_8935939,Tea,3,1.5,4.5,Digital Wallet,Takeaway,2023-03-27
Txn_1781777,Salad,3,5.0,15.0,Credit Card,Takeaway,2023-10-26
Txn_1707251,Sandwich,2,4.0,8.0,Digital Wallet,Takeaway,2023-10-06
Txn_5747859,Cake,1,3.0,3.0,Credit Card,Takeaway,2023-03-13
Txn_3884527,Sandwich,1,4.0,4.0,Digital Wallet,In-Store,2023-06-06
Txn_9072517,Smoothie,2,4.0,8.0,Credit Card,Takeaway,2023-01-09
Txn_4378200,Tea,5,1.5,7.5,Credit Card,In-Store,2023-09-04
Txn_3918998,Coffee,5,2.0,10.0,Digital Wallet,Takeaway,2023-12-18
Txn_3875049,Tea,2,1.5,3.0,Digital Wallet,Takeaway,2023-09-15
Txn_5400266,Tea,3,1.5,4.5,Digital Wallet,Takeaway,2023-06-14
Txn_2402978,Cookie,3,1.0,3.0,Credit Card,In-Store,2023-01-21
Txn_1148874,Cookie,1,1.0,1.0,Credit Card,In-Store,2023-09-18
Txn_6718205,Smoothie,2,4.0,8.0,Digital Wallet,Takeaway,2023-06-30
Txn_6899576,Salad,2,5.0,10.0,Digital Wallet,Takeaway,2023-10-26
Txn_1072232,Sandwich,1,4.0,4.0,Digital Wallet,In-Store,2023-01-07
Txn_7139053,Salad,4,5.0,20.0,Digital Wallet,Takeaway,2023-09-12
Txn_4385240,Cookie,4,1.0,4.0,Cash,Takeaway,2023-02-10
Txn_5743619,Salad,5,5.0,25.0,Digital Wallet,Takeaway,2023-11-07
Txn_8211146,Sandwich,5,4.0,20.0,Digital Wallet,Takeaway,2023-04-30
Txn_9943917,Sandwich,3,4.0,12.0,Credit Card,In-Store,2023-01-16
Txn_5852244,Cake,2,3.0,6.0,Credit Card,Takeaway,2023-10-15
Txn_3995266,Sandwich,1,4.0,4.0,Credit Card,In-Store,2023-04-21
Txn_3263746,Coffee,1,2.0,2.0,Cash,Takeaway,2023-11-14
Txn_7430227,Cake,3,3.0,9.0,Cash,In-Store,2023-07-24
Txn_8700466,Coffee,4,2.0,8.0,Digital Wallet,In-Store,2023-04-29
Txn_2190325,Sandwich,4,4.0,16.0,Credit Card,In-Store,2023-03-10
Txn_5677869,Juice,5,3.0,15.0,Cash,In-Store,2023-11-19
Txn_3436462,Salad,2,5.0,10.0,Credit Card,In-Store,2023-06-29
Txn_7388752,Salad,1,5.0,5.0,Credit Card,Takeaway,2023-08-28
Txn_9720012,Smoothie,5,4.0,20.0,Cash,In-Store,2023-09-25
Txn_7605154,Juice,5,3.0,15.0,Cash,In-Store,2023-09-09
Txn_4325648,Juice,3,3.0,9.0,Digital Wallet,Takeaway,2023-05-04
Txn_7151374,Tea,4,1.5,6.0,Credit Card,In-Store,2023-07-30
Txn_6496506,Juice,1,3.0,3.0,Digital Wallet,In-Store,2023-01-11
Txn_3222677,Sandwich,1,4.0,4.0,Digital Wallet,Takeaway,2023-12-16
Txn_9942517,Coffee,4,2.0,8.0,Digital Wallet,In-Store,2023-04-29
Txn_8735418,Coffee,5,2.0,10.0,Digital Wallet,Takeaway,2023-03-03
Txn_6347670,Tea,2,1.5,3.0,Digital Wallet,In-Store,2023-06-24
Txn_8848847,Cookie,3,1.0,3.0,Cash,Takeaway,2023-08-15
Txn_4413776,Coffee,5,2.0,10.0,Cash,Takeaway,2023-07-21
Txn_9382596,Smoothie,5,4.0,20.0,Credit Card,Takeaway,2023-11-18
Txn_9480564,Cookie,4,1.0,4.0,Cash,In-Store,2023-06-12
Txn_8301190,Coffee,1,2.0,2.0,Cash,Takeaway,2023-04-01
Txn_2855149,Sandwich,2,4.0,8.0,Cash,In-Store,2023-07-16
Txn_5734442,Cookie,4,1.0,4.0,Credit Card,Takeaway,2023-10-01
Txn_3644269,Cookie,5,1.0,5.0,Credit Card,Takeaway,2023-09-26
Txn_4020100,Cookie,1,1.0,1.0,Cash,In-Store,2023-08-09
Txn_1643870,Salad,4,5.0,20.0,Digital Wallet,Takeaway,2023-10-07
Txn_4734216,Salad,3,5.0,15.0,Digital Wallet,In-Store,2023-11-30
Txn_4060538,Cake,2,3.0,6.0,Digital Wallet,Takeaway,2023-09-08
Txn_1853983,Tea,1,1.5,1.5,Cash,In-Store,2023-12-04
Txn_1936915,Salad,3,5.0,15.0,Digital Wallet,In-Store,2023-01-24
Txn_2911864,Cookie,3,1.0,3.0,Digital Wallet,Takeaway,2023-03-21
Txn_2336921,Juice,3,3.0,9.0,Digital Wallet,Takeaway,2023-05-01
Txn_6472656,Tea,3,1.5,4.5,Cash,Takeaway,2023-11-25
Txn_3494191,Smoothie,2,4.0,8.0,Credit Card,In-Store,2023-01-08
Txn_6832697,Salad,3,5.0,15.0,Credit Card,Takeaway,2023-01-21
Txn_2919225,Coffee,4,2.0,8.0,Credit Card,Takeaway,2023-02-14
Txn_2941227,Cookie,3,1.0,3.0,Cash,In-Store,2023-08-29
Txn_4475487,Smoothie,3,4.0,12.0,Cash,In-Store,2023-06-01
Txn_2352246,Smoothie,4,4.0,16.0,Credit Card,Takeaway,2023-06-20
Txn_2656162,Coffee,1,2.0,2.0,Digital Wallet,In-Store,2023-04-11
Txn_9022617,Coffee,1,2.0,2.0,Credit Card,In-Store,2023-01-23
Txn_8522571,Juice,2,3.0,6.0,Credit Card,Takeaway,2023-09-19
Txn_1894142,Sandwich,4,4.0,16.0,Cash,In-Store,2023-09-13
Txn_8885727,Tea,2,1.5,3.0,Cash,Takeaway,2023-10-05
Txn_7374304,Tea,5,1.5,7.5,Digital Wallet,In-Store,2023-05-10
Txn_9447946,Smoothie,2,4.0,8.0,Credit Card,In-Store,2023-10-21
Txn_8223689,Salad,5,5.0,25.0,Digital Wallet,In-Store,2023-09-08
Txn_2221447,Cookie,1,1.0,1.0,Credit Card,In-Store,2023-12-06
Txn_8464222,Cake,4,3.0,12.0,Cash,In-Store,2023-08-17
Txn_6815753,Cookie,4,1.0,4.0,Digital Wallet,Takeaway,2023-10-27
Txn_5269634,Cake,5,3.0,15.0,Digital Wallet,In-Store,2023-04-07
Txn_3043982,Sandwich,5,4.0,20.0,Cash,In-Store,2023-01-10
Txn_7254494,Coffee,5,2.0,10.0,Credit Card,Takeaway,2023-03-16
Txn_6164035,Cookie,1,1.0,1.0,Credit Card,Takeaway,2023-03-30
Txn_5671075,Tea,5,1.5,7.5,Cash,In-Store,2023-12-25
Txn_4856575,Salad,3,5.0,15.0,Digital Wallet,In-Store,2023-09-10
Txn_8512136,Juice,1,3.0,3.0,Cash,Takeaway,2023-08-26
Txn_3129441,Juice,3,3.0,9.0,Credit Card,In-Store,2023-05-31
Txn_3472707,Sandwich,2,4.0,8.0,Cash,Takeaway,2023-03-26
Txn_1173155,Coffee,1,2.0,2.0,Cash,In-Store,2023-03-14
Txn_3639760,Cake,5,3.0,15.0,Credit Card,Takeaway,2023-01-29
Txn_5061028,Cookie,1,1.0,1.0,Credit Card,Takeaway,2023-05-17
Txn_6897608,Coffee,2,2.0,4.0,Credit Card,Takeaway,2023-06-28
Txn_3434549,Sandwich,5,4.0,20.0,Credit Card,Takeaway,2023-05-25
Txn_3467985,Sandwich,3,4.0,12.0,Cash,Takeaway,2023-12-10
Txn_3526095,Sandwich,3,4.0,12.0,Cash,Takeaway,2023-08-30
Txn_8316915,Cookie,5,1.0,5.0,Digital Wallet,In-Store,2023-05-30
Txn_4876685,Tea,1,1.5,1.5,Digital Wallet,Takeaway,2023-07-14
Txn_7505290,Salad,4,5.0,20.0,Digital Wallet,Takeaway,2023-10-21
Txn_9626624,Smoothie,3,4.0,12.0,Cash,In-Store,2023-10-10
Txn_9399452,Cake,4,3.0,12.0,Credit Card,In-Store,2023-12-03
Txn_1934166,Sandwich,5,4.0,20.0,Cash,In-Store,2023-03-06
Txn_5594695,Cake,3,3.0,9.0,Credit Card,In-Store,2023-01-18
Txn_8379868,Cake,3,3.0,9.0,Cash,In-Store,2023-01-16
Txn_5299440,Juice,2,3.0,6.0,Credit Card,In-Store,2023-10-21
Txn_3919225,Cake,2,3.0,6.0,Cash,In-Store,2023-03-26
Txn_3868402,Coffee,3,2.0,6.0,Cash,In-Store,2023-01-21
Txn_4624591,Salad,2,5.0,10.0,Credit Card,In-Store,2023-08-03
Txn_6456008,Salad,5,5.0,25.0,Credit Card,In-Store,2023-03-26
Txn_6235329,Salad,2,5.0,10.0,Digital Wallet,In-Store,2023-10-11
Txn_8536578,Cake,5,3.0,15.0,Digital Wallet,In-Store,2023-11-11
Txn_2156128,Sandwich,1,4.0,4.0,Digital Wallet,In-Store,2023-07-21
Txn_9188172,Juice,3,3.0,9.0,Digital Wallet,In-Store,2023-08-27
Txn_4788748,Sandwich,4,4.0,16.0,Credit Card,In-Store,2023-04-30
Txn_2534831,Tea,5,1.5,7.5,Cash,Takeaway,2023-08-19
Txn_5962196,Smoothie,2,4.0,8.0,Cash,Takeaway,2023-11-29
Txn_4342098,Smoothie,4,4.0,16.0,Cash,In-Store,2023-05-24
Txn_3651743,Cake,5,3.0,15.0,Cash,In-Store,2023-04-24
Txn_4411007,Cookie,5,1.0,5.0,Digital Wallet,Takeaway,2023-05-17
Txn_6026451,Juice,2,3.0,6.0,Cash,In-Store,2023-11-06
Txn_5093312,Cookie,4,1.0,4.0,Credit Card,Takeaway,2023-08-12
Txn_6685570,Tea,1,1.5,1.5,Credit Card,In-Store,2023-03-14
Txn_2355099,Salad,5,5.0,25.0,Cash,Takeaway,2023-03-18
Txn_7332192,Coffee,1,2.0,2.0,Credit Card,Takeaway,2023-11-17
Txn_6225305,Cake,1,3.0,3.0,Cash,Takeaway,2023-05-05
Txn_7606965,Juice,5,3.0,15.0,Digital Wallet,In-Store,2023-12-08
Txn_2238287,Salad,3,5.0,15.0,Digital Wallet,In-Store,2023-05-22
Txn_9667721,Tea,5,1.5,7.5,Credit Card,Takeaway,2023-04-29
Txn_6317991,Cookie,5,1.0,5.0,Digital Wallet,In-Store,2023-03-03
Txn_7866723,Sandwich,2,4.0,8.0,Credit Card,In-Store,2023-03-26
Txn_2638434,Juice,5,3.0,15.0,Credit Card,In-Store,2023-09-18
Txn_5452210,Tea,5,1.5,7.5,Digital Wallet,In-Store,2023-04-17
Txn_5337566,Cookie,5,1.0,5.0,Cash,Takeaway,2023-03-08
Txn_3341779,Tea,3,1.5,4.5,Cash,Takeaway,2023-07-30
Txn_9987017,Cookie,5,1.0,5.0,Cash,Takeaway,2023-03-14
Txn_6533576,Salad,5,5.0,25.0,Cash,In-Store,2023-08-14
Txn_5229351,Coffee,3,2.0,6.0,Digital Wallet,Takeaway,2023-08-14
Txn_5318263,Smoothie,1,4.0,4.0,Credit Card,Takeaway,2023-06-12
Txn_8866088,Tea,4,1.5,6.0,Digital Wallet,Takeaway,2023-07-11
Txn_7434172,Cookie,2,1.0,2.0,Digital Wallet,Takeaway,2023-11-14
Txn_6289180,Juice,1,3.0,3.0,Cash,In-Store,2023-03-14
Txn_3974663,Juice,3,3.0,9.0,Cash,Takeaway,2023-10-02
Txn_1815061,Cake,3,3.0,9.0,Digital Wallet,In-Store,2023-01-20
Txn_9522690,Cookie,4,1.0,4.0,Credit Card,In-Store,2023-07-23
Txn_2858635,Sandwich,1,4.0,4.0,Digital Wallet,In-Store,2023-09-28
Txn_7136372,Juice,3,3.0,9.0,Credit Card,Takeaway,2023-09-22
Txn_5790695,Tea,5,1.5,7.5,Credit Card,Takeaway,2023-04-24
Txn_3277936,Tea,2,1.5,3.0,Digital Wallet,Takeaway,2023-06-21
Txn_5968705,Sandwich,3,4.0,12.0,Credit Card,Takeaway,2023-12-16
Txn_7749759,Tea,1,1.5,1.5,Digital Wallet,In-Store,2023-12-26
Txn_5303464,Juice,4,3.0,12.0,Cash,Takeaway,2023-10-26
Txn_5324330,Salad,3,5.0,15.0,Digital Wallet,Takeaway,2023-11-20
Txn_5862289,Juice,4,3.0,12.0,Digital Wallet,Takeaway,2023-01-05
Txn_9699948,Coffee,5,2.0,10.0,Cash,In-Store,2023-04-18
Txn_8187087,Coffee,3,2.0,6.0,Digital Wallet,Takeaway,2023-01-31
Txn_5409141,Coffee,5,2.0,10.0,Cash,Takeaway,2023-02-02
Txn_9952479,Sandwich,1,4.0,4.0,Digital Wallet,Takeaway,2023-12-06
Txn_7207901,Smoothie,2,4.0,8.0,Digital Wallet,In-Store,2023-12-11
Txn_4321091,Smoothie,2,4.0,8.0,Cash,In-Store,2023-06-15
Txn_2790608,Juice,1,3.0,3.0,Cash,In-Store,2023-12-18
Txn_6231475,Salad,2,5.0,10.0,Credit Card,In-Store,2023-03-18
Txn_2631423,Cookie,3,1.0,3.0,Cash,Takeaway,2023-01-07
Txn_5649204,Smoothie,1,4.0,4.0,Cash,In-Store,2023-03-05
Txn_2066115,Salad,4,5.0,20.0,Credit Card,In-Store,2023-08-18
Txn_7986904,Cookie,3,1.0,3.0,Credit Card,Takeaway,2023-08-11
Txn_4633457,Salad,1,5.0,5.0,Credit Card,Takeaway,2023-05-21
Txn_9368550,Cake,3,3.0,9.0,Digital Wallet,Takeaway,2023-09-26
Txn_5131404,Sandwich,4,4.0,16.0,Credit Card,Takeaway,2023-06-18
Txn_6219454,Tea,1,1.5,1.5,Cash,In-Store,2023-11-14
Txn_3478329,Tea,3,1.5,4.5,Digital Wallet,In-Store,2023-10-29
Txn_5571904,Salad,5,5.0,25.0,Digital Wallet,Takeaway,2023-08-05
Txn_5537621,Juice,4,3.0,12.0,Digital Wallet,Takeaway,2023-02-28
Txn_8626720,Juice,4,3.0,12.0,Cash,Takeaway,2023-06-02
Txn_2086841,Salad,4,5.0,20.0,Credit Card,In-Store,2023-03-16
Txn_9944141,Juice,5,3.0,15.0,Credit Card,Takeaway,2023-07-18
Txn_2438638,Cake,2,3.0,6.0,Credit Card,Takeaway,2023-08-12
Txn_7864482,Sandwich,1,4.0,4.0,Credit Card,Takeaway,2023-01-28
Txn_5125759,Coffee,3,2.0,6.0,Digital Wallet,Takeaway,2023-06-15
Txn_7321946,Cake,3,3.0,9.0,Cash,Takeaway,2023-02-12
Txn_4336291,Salad,5,5.0,25.0,Cash,In-Store,2023-03-25
Txn_1084222,Coffee,4,2.0,8.0,Digital Wallet,In-Store,2023-06-03
Txn_8025478,Sandwich,4,4.0,16.0,Cash,Takeaway,2023-01-24
Txn_7872478,Juice,4,3.0,12.0,Credit Card,In-Store,2023-04-25
Txn_2550923,Cake,2,3.0,6.0,Cash,Takeaway,2023-08-26
Txn_2682803,Cake,5,3.0,15.0,Credit Card,Takeaway,2023-04-09
Txn_9868114,Smoothie,2,4.0,8.0,Credit Card,In-Store,2023-11-12
Txn_5549557,Cake,2,3.0,6.0,Cash,In-Store,2023-02-27
Txn_1058466,Cookie,3,1.0,3.0,Digital Wallet,Takeaway,2023-12-07
Txn_9596023,Coffee,5,2.0,10.0,Digital Wallet,Takeaway,2023-11-30
Txn_4846406,Cookie,3,1.0,3.0,Cash,In-Store,2023-05-22
Txn_8917300,Cookie,1,1.0,1.0,Cash,Takeaway,2023-03-04
Txn_8131533,Cake,1,3.0,3.0,Cash,In-Store,2023-07-18
Txn_1836754,Tea,1,1.5,1.5,Credit Card,In-Store,2023-09-10
Txn_4522292,Cookie,1,1.0,1.0,Digital Wallet,In-Store,2023-07-12
Txn_2389110,Sandwich,2,4.0,8.0,Cash,In-Store,2023-05-30
Txn_2704452,Salad,2,5.0,10.0,Credit Card,Takeaway,2023-09-05
Txn_4892165,Juice,3,3.0,9.0,Cash,In-Store,2023-07-27
Txn_4246000,Cookie,2,1.0,2.0,Credit Card,Takeaway,2023-07-09
Txn_6036409,Tea,5,1.5,7.5,Cash,Takeaway,2023-02-16
Txn_6027031,Juice,5,3.0,15.0,Credit Card,In-Store,2023-11-15
Txn_7171590,Coffee,3,2.0,6.0,Credit Card,In-Store,2023-04-24
Txn_1696300,Cookie,1,1.0,1.0,Digital Wallet,In-Store,2023-05-28
Txn_9362993,Coffee,3,2.0,6.0,Cash,In-Store,2023-10-22
Txn_4561296,Salad,5,5.0,25.0,Cash,In-Store,2023-11-22
Txn_6422545,Juice,2,3.0,6.0,Credit Card,Takeaway,2023-11-03
Txn_6012728,Cake,4,3.0,12.0,Credit Card,In-Store,2023-05-09
Txn_3046567,Salad,2,5.0,10.0,Credit Card,In-Store,2023-01-07
Txn_3594827,Juice,5,3.0,15.0,Digital Wallet,In-Store,2023-03-09
Txn_2883054,Cake,4,3.0,12.0,Cash,In-Store,2023-11-17
Txn_6182856,Cake,4,3.0,12.0,Credit Card,Takeaway,2023-04-02
Txn_5453217,Coffee,1,2.0,2.0,Credit Card,In-Store,2023-07-11
Txn_2030078,Smoothie,1,4.0,4.0,Digital Wallet,Takeaway,2023-04-10
Txn_7077961,Tea,4,1.5,6.0,Digital Wallet,Takeaway,2023-09-19
Txn_3343585,Cake,1,3.0,3.0,Cash,In-Store,2023-09-17
Txn_7896831,Coffee,5,2.0,10.0,Cash,Takeaway,2023-04-01
Txn_3541337,Cookie,4,1.0,4.0,Digital Wallet,Takeaway,2023-09-01
Txn_2140056,Cookie,1,1.0,1.0,Digital Wallet,Takeaway,2023-12-07
Txn_9629256,Cake,4,3.0,12.0,Digital Wallet,In-Store,2023-11-07
Txn_6568254,Salad,2,5.0,10.0,Credit Card,In-Store,2023-02-09
Txn_1851725,Cake,5,3.0,15.0,Cash,Takeaway,2023-02-19
Txn_9921708,Cake,1,3.0,3.0,Cash,Takeaway,2023-07-20
Txn_4329116,Cake,3,3.0,9.0,Credit Card,In-Store,2023-09-29
Txn_4142781,Sandwich,5,4.0,20.0,Digital Wallet,Takeaway,2023-01-30
Txn_4359885,Cookie,2,1.0,2.0,Credit Card,In-Store,2023-01-16
Txn_4255116,Juice,4,3.0,12.0,Credit Card,In-Store,2023-12-24
Txn_1514364,Coffee,5,2.0,10.0,Digital Wallet,In-Store,2023-01-21
Txn_2252586,Tea,3,1.5,4.5,Cash,Takeaway,2023-09-08
Txn_8853027,Smoothie,5,4.0,20.0,Credit Card,In-Store,2023-06-21
Txn_5722175,Tea,2,1.5,3.0,Digital Wallet,Takeaway,2023-03-01
Txn_2920551,Sandwich,4,4.0,16.0,Credit Card,Takeaway,2023-11-27
Txn_8107970,Coffee,2,2.0,4.0,Credit Card,Takeaway,2023-06-03
Txn_6879752,Tea,1,1.5,1.5,Digital Wallet,In-Store,2023-10-07
Txn_5535579,Coffee,5,2.0,10.0,Cash,In-Store,2023-12-21
Txn_6097759,Smoothie,4,4.0,16.0,Cash,In-Store,2023-06-18
Txn_9514996,Sandwich,2,4.0,8.0,Credit Card,Takeaway,2023-07-25
Txn_5022805,Sandwich,1,4.0,4.0,Credit Card,Takeaway,2023-12-17
Txn_6815801,Cookie,1,1.0,1.0,Digital Wallet,Takeaway,2023-03-15
Txn_2541441,Cake,1,3.0,3.0,Cash,Takeaway,2023-09-21
Txn_4894647,Salad,2,5.0,10.0,Cash,Takeaway,2023-12-26
Txn_9931637,Cake,2,3.0,6.0,Cash,Takeaway,2023-09-17
Txn_4158904,Juice,2,3.0,6.0,Digital Wallet,In-Store,2023-01-31
Txn_1208926,Cookie,4,1.0,4.0,Credit Card,In-Store,2023-12-07
Txn_1606273,Coffee,1,2.0,2.0,Digital Wallet,Takeaway,2023-11-02
Txn_7963189,Cookie,4,1.0,4.0,Digital Wallet,Takeaway,2023-03-24
Txn_3852141,Cake,5,3.0,15.0,Credit Card,In-Store,2023-08-04
Txn_7832527,Cake,3,3.0,9.0,Cash,In-Store,2023-01-26
Txn_2132434,Salad,4,5.0,20.0,Digital Wallet,In-Store,2023-06-03
Txn_9691955,Juice,3,3.0,9.0,Credit Card,In-Store,2023-11-03
Txn_1172121,Coffee,5,2.0,10.0,Cash,Takeaway,2023-08-26
Txn_2521185,Smoothie,2,4.0,8.0,Cash,Takeaway,2023-03-20
Txn_6233021,Juice,5,3.0,15.0,Digital Wallet,Takeaway,2023-12-22
Txn_7498795,Cookie,2,1.0,2.0,Cash,Takeaway,2023-03-11
Txn_1599516,Juice,3,3.0,9.0,Cash,In-Store,2023-05-11
Txn_4559065,Juice,1,3.0,3.0,Cash,In-Store,2023-05-03
Txn_2696377,Juice,4,3.0,12.0,Digital Wallet,In-Store,2023-04-11
Txn_4602865,Cookie,5,1.0,5.0,Digital Wallet,Takeaway,2023-09-27
Txn_5966765,Cake,5,3.0,15.0,Credit Card,Takeaway,2023-11-09
Txn_3283631,Sandwich,2,4.0,8.0,Credit Card,In-Store,2023-03-15
Txn_3344089,Sandwich,4,4.0,16.0,Cash,In-Store,2023-08-10
Txn_7551280,Cookie,4,1.0,4.0,Credit Card,Takeaway,2023-04-14
Txn_3863163,Cookie,3,1.0,3.0,Digital Wallet,Takeaway,2023-10-12
Txn_3653560,Coffee,4,2.0,8.0,Digital Wallet,Takeaway,2023-07-01
Txn_9549208,Coffee,1,2.0,2.0,Digital Wallet,In-Store,2023-10-30
Txn_2670824,Juice,2,3.0,6.0,Digital Wallet,Takeaway,2023-03-03
Txn_5926432,Smoothie,4,4.0,16.0,Cash,In-Store,2023-06-29
Txn_8235381,Cookie,3,1.0,3.0,Digital Wallet,In-Store,2023-03-01
Txn_6405489,Sandwich,3,4.0,12.0,Credit Card,Takeaway,2023-05-04
Txn_3003311,Cake,5,3.0,15.0,Digital Wallet,In-Store,2023-08-01
Txn_9436342,Juice,4,3.0,12.0,Digital Wallet,In-Store,2023-11-26
Txn_2406283,Juice,4,3.0,12.0,Digital Wallet,In-Store,2023-02-24
Txn_1354464,Cake,5,3.0,15.0,Digital Wallet,In-Store,2023-03-18
Txn_5582443,Salad,3,5.0,15.0,Credit Card,In-Store,2023-04-13
Txn_6204081,Cake,1,3.0,3.0,Digital Wallet,Takeaway,2023-07-12
Txn_8647048,Sandwich,2,4.0,8.0,Credit Card,In-Store,2023-11-03
Txn_5422928,Tea,4,1.5,6.0,Digital Wallet,Takeaway,2023-09-20
Txn_3311860,Juice,1,3.0,3.0,Digital Wallet,In-Store,2023-11-21
Txn_4147675,Tea,2,1.5,3.0,Credit Card,In-Store,2023-01-04
Txn_7560178,Cookie,5,1.0,5.0,Digital Wallet,In-Store,2023-08-17
Txn_3930990,Tea,4,1.5,6.0,Digital Wallet,Takeaway,2023-02-27
Txn_8076942,Cookie,2,1.0,2.0,Cash,Takeaway,2023-04-29
Txn_6864420,Cookie,2,1.0,2.0,Credit Card,Takeaway,2023-06-18
Txn_6503884,Juice,1,3.0,3.0,Cash,In-Store,2023-05-28
Txn_2206639,Coffee,4,2.0,8.0,Cash,Takeaway,2023-06-29
Txn_5423024,Smoothie,1,4.0,4.0,Digital Wallet,In-Store,2023-04-30
Txn_3134595,Juice,3,3.0,9.0,Credit Card,Takeaway,2023-02-25
Txn_2251128,Smoothie,3,4.0,12.0,Credit Card,In-Store,2023-06-07
Txn_4832163,Cake,4,3.0,12.0,Cash,Takeaway,2023-11-17
Txn_1443928,Cake,4,3.0,12.0,Cash,Takeaway,2023-12-03
Txn_1670597,Coffee,2,2.0,4.0,Cash,Takeaway,2023-05-21
Txn_2165745,Coffee,4,2.0,8.0,Credit Card,In-Store,2023-01-31
Txn_3082888,Tea,1,1.5,1.5,Cash,In-Store,2023-09-20
Txn_2294397,Coffee,5,2.0,10.0,Digital Wallet,In-Store,2023-02-25
Txn_7248594,Coffee,3,2.0,6.0,Credit Card,In-Store,2023-03-26
Txn_3059966,Smoothie,1,4.0,4.0,Digital Wallet,In-Store,2023-12-24
Txn_7880000,Salad,3,5.0,15.0,Credit Card,In-Store,2023-01-28
Txn_9496791,Salad,4,5.0,20.0,Credit Card,In-Store,2023-07-19
Txn_2320493,Smoothie,1,4.0,4.0,Digital Wallet,In-Store,2023-03-22
Txn_5714767,Salad,4,5.0,20.0,Digital Wallet,Takeaway,2023-03-02
Txn_7981162,Cake,3,3.0,9.0,Credit Card,Takeaway,2023-05-30
Txn_2316206,Cookie,1,1.0,1.0,Credit Card,In-Store,2023-01-23
Txn_7343342,Cookie,2,1.0,2.0,Cash,Takeaway,2023-12-21
Txn_4573096,Coffee,1,2.0,2.0,Digital Wallet,In-Store,2023-08-13
Txn_6370625,Sandwich,3,4.0,12.0,Credit Card,In-Store,2023-08-26
Txn_7580803,Juice,4,3.0,12.0,Cash,In-Store,2023-04-06
Txn_2939069,Smoothie,5,4.0,20.0,Credit Card,Takeaway,2023-09-06
Txn_4374963,Juice,1,3.0,3.0,Cash,In-Store,2023-07-04
Txn_4401563,Juice,5,3.0,15.0,Digital Wallet,Takeaway,2023-09-20
Txn_8443384,Sandwich,5,4.0,20.0,Digital Wallet,In-Store,2023-02-13
Txn_9793806,Tea,3,1.5,4.5,Digital Wallet,Takeaway,2023-04-25
Txn_8385625,Tea,4,1.5,6.0,Digital Wallet,Takeaway,2023-12-23
Txn_6532452,Smoothie,5,4.0,20.0,Cash,Takeaway,2023-02-24
Txn_5963749,Cake,1,3.0,3.0,Digital Wallet,In-Store,2023-11-04
Txn_8944202,Smoothie,3,4.0,12.0,Credit Card,Takeaway,2023-06-08
Txn_2402993,Cookie,5,1.0,5.0,Cash,Takeaway,2023-06-11
Txn_1340358,Sandwich,3,4.0,12.0,Cash,Takeaway,2023-06-09
Txn_6959328,Sandwich,3,4.0,12.0,Credit Card,Takeaway,2023-04-23
Txn_8077929,Tea,3,1.5,4.5,Digital Wallet,Takeaway,2023-08-06
Txn_8724602,Juice,4,3.0,12.0,Credit Card,Takeaway,2023-06-26
Txn_1940778,Tea,2,1.5,3.0,Cash,In-Store,2023-02-01
Txn_7860953,Sandwich,1,4.0,4.0,Digital Wallet,Takeaway,2023-09-10
Txn_8164119,Tea,3,1.5,4.5,Credit Card,Takeaway,2023-01-07
Txn_7809290,Cake,1,3.0,3.0,Cash,Takeaway,2023-10-14
Txn_5675095,Sandwich,4,4.0,16.0,Digital Wallet,Takeaway,2023-05-18
Txn_3901665,Juice,1,3.0,3.0,Credit Card,Takeaway,2023-10-19
Txn_4296023,Tea,5,1.5,7.5,Digital Wallet,In-Store,2023-10-08
Txn_4350854,Cookie,2,1.0,2.0,Cash,In-Store,2023-01-31
Txn_1867158,Cookie,4,1.0,4.0,Digital Wallet,Takeaway,2023-05-16
Txn_7688029,Cake,5,3.0,15.0,Credit Card,In-Store,2023-05-30
Txn_3420633,Salad,4,5.0,20.0,Digital Wallet,Takeaway,2023-04-11
Txn_5220527,Cookie,4,1.0,4.0,Digital Wallet,Takeaway,2023-08-06
Txn_8696857,Coffee,1,2.0,2.0,Digital Wallet,Takeaway,2023-10-01
Txn_7463102,Smoothie,5,4.0,20.0,Cash,Takeaway,2023-11-27
Txn_8430882,Sandwich,2,4.0,8.0,Digital Wallet,Takeaway,2023-06-17
Txn_9114647,Salad,5,5.0,25.0,Digital Wallet,In-Store,2023-11-19
Txn_5413433,Juice,4,3.0,12.0,Digital Wallet,In-Store,2023-06-03
Txn_9388222,Cookie,1,1.0,1.0,Digital Wallet,In-Store,2023-04-21
Txn_5660949,Cookie,3,1.0,3.0,Credit Card,In-Store,2023-01-10
Txn_4118960,Smoothie,5,4.0,20.0,Credit Card,Takeaway,2023-09-24
Txn_1128577,Sandwich,1,4.0,4.0,Digital Wallet,In-Store,2023-11-23
Txn_6533267,Tea,3,1.5,4.5,Cash,In-Store,2023-07-14
Txn_5087453,Tea,3,1.5,4.5,Cash,Takeaway,2023-04-09
Txn_9627891,Coffee,2,2.0,4.0,Credit Card,In-Store,2023-01-09
Txn_5584275,Smoothie,1,4.0,4.0,Credit Card,In-Store,2023-07-10
Txn_5528426,Smoothie,4,4.0,16.0,Cash,Takeaway,2023-06-01
Txn_6372031,Juice,3,3.0,9.0,Digital Wallet,In-Store,2023-08-11
Txn_1823906,Salad,3,5.0,15.0,Digital Wallet,In-Store,2023-06-26
Txn_7484638,Sandwich,3,4.0,12.0,Digital Wallet,In-Store,2023-10-17
Txn_1610137,Coffee,3,2.0,6.0,Cash,Takeaway,2023-04-02
Txn_7108012,Tea,1,1.5,1.5,Digital Wallet,Takeaway,2023-12-31
Txn_3272946,Salad,3,5.0,15.0,Credit Card,In-Store,2023-09-06
Txn_7308096,Tea,2,1.5,3.0,Cash,Takeaway,2023-08-13
Txn_5488764,Coffee,4,2.0,8.0,Digital Wallet,Takeaway,2023-06-30
Txn_4268746,Cake,5,3.0,15.0,Credit Card,In-Store,2023-01-12
Txn_1767872,Salad,2,5.0,10.0,Credit Card,In-Store,2023-01-05
Txn_7208983,Salad,1,5.0,5.0,Digital Wallet,In-Store,2023-09-28
Txn_7971660,Cookie,3,1.0,3.0,Cash,Takeaway,2023-10-02
Txn_9271577,Cake,2,3.0,6.0,Credit Card,In-Store,2023-04-13
Txn_6440555,Smoothie,1,4.0,4.0,Cash,In-Store,2023-07-11
Txn_7368194,Smoothie,2,4.0,8.0,Credit Card,In-Store,2023-10-29
Txn_9789310,Sandwich,4,4.0,16.0,Credit Card,In-Store,2023-05-09
Txn_6259087,Sandwich,2,4.0,8.0,Digital Wallet,In-Store,2023-12-27
Txn_1151605,Coffee,1,2.0,2.0,Digital Wallet,Takeaway,2023-05-02
Txn_4602430,Sandwich,3,4.0,12.0,Credit Card,In-Store,2023-01-31
Txn_7412782,Cookie,2,1.0,2.0,Digital Wallet,Takeaway,2023-03-28
Txn_5570967,Coffee,1,2.0,2.0,Credit Card,In-Store,2023-12-12
Txn_8046891,Coffee,1,2.0,2.0,Credit Card,Takeaway,2023-02-24
Txn_7770487,Smoothie,1,4.0,4.0,Cash,In-Store,2023-08-09
Txn_9943050,Tea,1,1.5,1.5,Digital Wallet,Takeaway,2023-05-16
Txn_2694605,Cookie,2,1.0,2.0,Credit Card,Takeaway,2023-11-09
Txn_1927704,Salad,2,5.0,10.0,Digital Wallet,In-Store,2023-01-05
Txn_1929398,Sandwich,1,4.0,4.0,Digital Wallet,In-Store,2023-02-23
Txn_3093284,Coffee,4,2.0,8.0,Digital Wallet,In-Store,2023-01-01
Txn_2276426,Juice,5,3.0,15.0,Credit Card,In-Store,2023-10-21
Txn_9608095,Coffee,1,2.0,2.0,Credit Card,In-Store,2023-12-07
Txn_9587704,Juice,5,3.0,15.0,Cash,Takeaway,2023-07-29
Txn_2372348,Cake,2,3.0,6.0,Digital Wallet,Takeaway,2023-01-05
Txn_3386311,Juice,1,3.0,3.0,Cash,In-Store,2023-11-30
Txn_4613595,Salad,3,5.0,15.0,Credit Card,Takeaway,2023-07-07
Txn_4152991,Sandwich,5,4.0,20.0,Digital Wallet,Takeaway,2023-12-17
Txn_1196324,Tea,4,1.5,6.0,Credit Card,In-Store,2023-09-26
Txn_6621007,Cake,2,3.0,6.0,Digital Wallet,Takeaway,2023-03-05
Txn_1234390,Cake,2,3.0,6.0,Digital Wallet,Takeaway,2023-06-02
Txn_6271633,Juice,2,3.0,6.0,Digital Wallet,In-Store,2023-03-07
Txn_4805204,Tea,5,1.5,7.5,Digital Wallet,In-Store,2023-04-25
Txn_3094786,Sandwich,4,4.0,16.0,Credit Card,Takeaway,2023-01-16
Txn_8030379,Salad,4,5.0,20.0,Cash,In-Store,2023-07-21
Txn_7746634,Cake,5,3.0,15.0,Digital Wallet,In-Store,2023-07-04
Txn_8659963,Cake,4,3.0,12.0,Cash,Takeaway,2023-01-21
Txn_2935758,Smoothie,1,4.0,4.0,Credit Card,In-Store,2023-09-03
Txn_5360210,Tea,5,1.5,7.5,Cash,Takeaway,2023-06-29
Txn_5473680,Coffee,3,2.0,6.0,Credit Card,Takeaway,2023-12-24
Txn_6677631,Tea,5,1.5,7.5,Digital Wallet,In-Store,2023-12-14
Txn_9775900,Juice,4,3.0,12.0,Digital Wallet,In-Store,2023-08-29
Txn_1342359,Cake,4,3.0,12.0,Cash,Takeaway,2023-07-14
Txn_9861083,Sandwich,5,4.0,20.0,Credit Card,In-Store,2023-01-21
Txn_4548698,Salad,2,5.0,10.0,Cash,Takeaway,2023-03-04
Txn_8735820,Tea,2,1.5,3.0,Credit Card,Takeaway,2023-12-08
Txn_1950008,Smoothie,4,4.0,16.0,Digital Wallet,In-Store,2023-07-24
Txn_3894173,Sandwich,5,4.0,20.0,Digital Wallet,Takeaway,2023-10-07
Txn_5929797,Sandwich,1,4.0,4.0,Credit Card,In-Store,2023-05-12
Txn_9365766,Cake,4,3.0,12.0,Digital Wallet,In-Store,2023-02-13
Txn_2422584,Tea,1,1.5,1.5,Cash,In-Store,2023-11-28
Txn_6880338,Cake,3,3.0,9.0,Digital Wallet,Takeaway,2023-11-06
Txn_9362958,Juice,1,3.0,3.0,Cash,In-Store,2023-07-19
Txn_7894069,Juice,2,3.0,6.0,Digital Wallet,In-Store,2023-11-20
Txn_5296578,Coffee,1,2.0,2.0,Credit Card,Takeaway,2023-04-15
Txn_2435025,Juice,1,3.0,3.0,Cash,In-Store,2023-10-08
Txn_4197090,Juice,3,3.0,9.0,Credit Card,Takeaway,2023-11-17
Txn_6479368,Smoothie,2,4.0,8.0,Credit Card,Takeaway,2023-09-08
Txn_6991528,Cookie,3,1.0,3.0,Digital Wallet,Takeaway,2023-08-17
Txn_2154866,Tea,2,1.5,3.0,Credit Card,Takeaway,2023-08-11
Txn_5236861,Coffee,4,2.0,8.0,Cash,Takeaway,2023-10-27
Txn_9433035,Sandwich,1,4.0,4.0,Cash,In-Store,2023-03-26
Txn_2970600,Salad,1,5.0,5.0,Credit Card,In-Store,2023-08-18
Txn_3984842,Tea,4,1.5,6.0,Credit Card,Takeaway,2023-03-22
Txn_2897727,Smoothie,5,4.0,20.0,Credit Card,Takeaway,2023-02-15
Txn_3801179,Juice,2,3.0,6.0,Cash,In-Store,2023-12-07
Txn_7835785,Salad,1,5.0,5.0,Cash,In-Store,2023-10-12
Txn_5335079,Cake,1,3.0,3.0,Cash,In-Store,2023-02-20
Txn_5746800,Coffee,4,2.0,8.0,Credit Card,Takeaway,2023-07-04
Txn_4630658,Smoothie,1,4.0,4.0,Cash,Takeaway,2023-07-10
Txn_8918905,Cookie,5,1.0,5.0,Digital Wallet,In-Store,2023-06-05
Txn_6610487,Coffee,5,2.0,10.0,Digital Wallet,Takeaway,2023-09-18
Txn_6396940,Cookie,2,1.0,2.0,Credit Card,Takeaway,2023-02-26
Txn_2807590,Smoothie,4,4.0,16.0,Cash,Takeaway,2023-09-05
Txn_1474329,Smoothie,2,4.0,8.0,Digital Wallet,Takeaway,2023-03-02
Txn_2798736,Sandwich,2,4.0,8.0,Digital Wallet,In-Store,2023-01-15
Txn_1489194,Coffee,3,2.0,6.0,Digital Wallet,Takeaway,2023-07-18
Txn_7627772,Sandwich,4,4.0,16.0,Credit Card,Takeaway,2023-10-22
Txn_3936883,Coffee,2,2.0,4.0,Digital Wallet,In-Store,2023-09-08
Txn_1817275,Salad,2,5.0,10.0,Cash,In-Store,2023-09-02
Txn_3617989,Sandwich,3,4.0,12.0,Credit Card,Takeaway,2023-09-29
Txn_1566564,Cookie,3,1.0,3.0,Credit Card,Takeaway,2023-09-08
Txn_6513163,Cake,2,3.0,6.0,Digital Wallet,Takeaway,2023-04-01
Txn_2911863,Sandwich,2,4.0,8.0,Credit Card,Takeaway,2023-07-09
Txn_1991987,Cake,3,3.0,9.0,Credit Card,In-Store,2023-10-22
Txn_7232524,Cookie,3,1.0,3.0,Cash,In-Store,2023-12-23
Txn_2480488,Juice,2,3.0,6.0,Cash,Takeaway,2023-03-01
Txn_1442096,Cookie,3,1.0,3.0,Credit Card,In-Store,2023-06-27
Txn_2337888,Coffee,1,2.0,2.0,Credit Card,In-Store,2023-02-10
Txn_8297751,Salad,3,5.0,15.0,Cash,Takeaway,2023-04-08
Txn_9241048,Cake,4,3.0,12.0,Credit Card,In-Store,2023-08-27
Txn_7548260,Juice,2,3.0,6.0,Cash,Takeaway,2023-02-27
Txn_1234907,Juice,1,3.0,3.0,Credit Card,In-Store,2023-05-02
Txn_7317475,Salad,4,5.0,20.0,Cash,Takeaway,2023-06-21
Txn_1317114,Cookie,2,1.0,2.0,Digital Wallet,Takeaway,2023-11-06
Txn_6655017,Smoothie,4,4.0,16.0,Cash,Takeaway,2023-12-04
Txn_7478306,Tea,2,1.5,3.0,Digital Wallet,In-Store,2023-06-14
Txn_6889357,Salad,1,5.0,5.0,Cash,Takeaway,2023-03-08
Txn_2931403,Juice,2,3.0,6.0,Credit Card,In-Store,2023-05-29
Txn_8036247,Coffee,1,2.0,2.0,Credit Card,Takeaway,2023-09-29
Txn_4143264,Salad,1,5.0,5.0,Credit Card,Takeaway,2023-08-17
Txn_5124519,Smoothie,3,4.0,12.0,Credit Card,In-Store,2023-09-07
Txn_1529845,Juice,3,3.0,9.0,Credit Card,In-Store,2023-01-25
Txn_2674372,Cookie,4,1.0,4.0,Credit Card,Takeaway,2023-11-14
Txn_7215900,Coffee,3,2.0,6.0,Cash,Takeaway,2023-08-26
Txn_6622980,Salad,4,5.0,20.0,Digital Wallet,Takeaway,2023-09-26
Txn_9819697,Smoothie,3,4.0,12.0,Digital Wallet,In-Store,2023-05-16
Txn_1731476,Sandwich,1,4.0,4.0,Digital Wallet,Takeaway,2023-04-19
Txn_1721342,Smoothie,5,4.0,20.0,Digital Wallet,In-Store,2023-08-23
Txn_7979028,Sandwich,3,4.0,12.0,Cash,Takeaway,2023-07-12
Txn_2474395,Smoothie,4,4.0,16.0,Digital Wallet,Takeaway,2023-12-28
Txn_9168898,Juice,2,3.0,6.0,Cash,Takeaway,2023-09-28
Txn_9675940,Juice,5,3.0,15.0,Credit Card,In-Store,2023-06-02
Txn_7427357,Cake,4,3.0,12.0,Digital Wallet,In-Store,2023-10-31
Txn_5806624,Cookie,5,1.0,5.0,Credit Card,In-Store,2023-07-09
Txn_6670371,Tea,3,1.5,4.5,Credit Card,Takeaway,2023-05-01
Txn_2302259,Juice,3,3.0,9.0,Credit Card,Takeaway,2023-09-20
Txn_4921865,Tea,2,1.5,3.0,Digital Wallet,In-Store,2023-02-06
Txn_2897794,Cookie,4,1.0,4.0,Credit Card,Takeaway,2023-01-29
Txn_4623642,Sandwich,1,4.0,4.0,Cash,Takeaway,2023-09-12
Txn_2813872,Salad,1,5.0,5.0,Credit Card,Takeaway,2023-05-01
Txn_1891978,Salad,4,5.0,20.0,Digital Wallet,In-Store,2023-09-13
Txn_1797690,Cake,5,3.0,15.0,Credit Card,Takeaway,2023-08-10
Txn_7866805,Sandwich,3,4.0,12.0,Digital Wallet,In-Store,2023-03-14
Txn_1760092,Coffee,1,2.0,2.0,Credit Card,Takeaway,2023-04-15
Txn_1887555,Juice,2,3.0,6.0,Cash,In-Store,2023-01-08
Txn_9872258,Juice,4,3.0,12.0,Cash,Takeaway,2023-07-24
Txn_2437725,Sandwich,4,4.0,16.0,Credit Card,Takeaway,2023-01-27
Txn_2903973,Cake,2,3.0,6.0,Credit Card,Takeaway,2023-12-26
Txn_8306630,Sandwich,2,4.0,8.0,Credit Card,In-Store,2023-04-26
Txn_1811216,Sandwich,1,4.0,4.0,Digital Wallet,Takeaway,2023-01-18
Txn_5549522,Juice,5,3.0,15.0,Digital Wallet,Takeaway,2023-12-16
Txn_9694799,Tea,3,1.5,4.5,Cash,Takeaway,2023-04-14
Txn_6733436,Juice,2,3.0,6.0,Credit Card,Takeaway,2023-02-02
Txn_2905118,Tea,5,1.5,7.5,Digital Wallet,Takeaway,2023-03-04
Txn_5005793,Sandwich,4,4.0,16.0,Credit Card,In-Store,2023-01-21
Txn_2840861,Tea,2,1.5,3.0,Digital Wallet,Takeaway,2023-05-31
Txn_1088497,Sandwich,1,4.0,4.0,Digital Wallet,Takeaway,2023-07-05
Txn_4083872,Salad,2,5.0,10.0,Digital Wallet,Takeaway,2023-08-05
Txn_4064326,Cookie,2,1.0,2.0,Cash,Takeaway,2023-01-07
Txn_8749775,Cake,5,3.0,15.0,Cash,Takeaway,2023-10-30
Txn_6541284,Tea,4,1.5,6.0,Cash,Takeaway,2023-03-01
Txn_3413156,Juice,1,3.0,3.0,Credit Card,In-Store,2023-10-16
Txn_7418152,Cookie,4,1.0,4.0,Cash,Takeaway,2023-09-21
Txn_5868082,Coffee,5,2.0,10.0,Credit Card,In-Store,2023-10-22
Txn_1413335,Salad,1,5.0,5.0,Digital Wallet,Takeaway,2023-05-17
Txn_7286934,Smoothie,2,4.0,8.0,Credit Card,In-Store,2023-03-27
Txn_1353266,Smoothie,1,4.0,4.0,Digital Wallet,Takeaway,2023-08-30
Txn_7233393,Juice,5,3.0,15.0,Credit Card,In-Store,2023-11-22
Txn_8273645,Juice,2,3.0,6.0,Cash,Takeaway,2023-11-02
Txn_2474286,Juice,2,3.0,6.0,Digital Wallet,In-Store,2023-12-09
Txn_6700141,Sandwich,1,4.0,4.0,Cash,Takeaway,2023-04-12
Txn_2714524,Sandwich,4,4.0,16.0,Cash,Takeaway,2023-01-02
Txn_4030519,Smoothie,2,4.0,8.0,Digital Wallet,Takeaway,2023-01-22
Txn_8716594,Salad,4,5.0,20.0,Credit Card,Takeaway,2023-08-26
Txn_5159483,Juice,2,3.0,6.0,Digital Wallet,In-Store,2023-05-24
Txn_4688236,Coffee,4,2.0,8.0,Cash,In-Store,2023-07-05
Txn_3158921,Sandwich,1,4.0,4.0,Digital Wallet,In-Store,2023-04-16
Txn_2741928,Cake,1,3.0,3.0,Digital Wallet,In-Store,2023-10-06
Txn_2838958,Coffee,1,2.0,2.0,Cash,Takeaway,2023-03-10
Txn_1710476,Juice,4,3.0,12.0,Digital Wallet,Takeaway,2023-05-22
Txn_2248497,Salad,2,5.0,10.0,Cash,Takeaway,2023-03-07
Txn_9403754,Cake,5,3.0,15.0,Credit Card,Takeaway,2023-06-19
Txn_2495788,Cookie,2,1.0,2.0,Credit Card,Takeaway,2023-12-16
Txn_2844982,Cookie,1,1.0,1.0,Digital Wallet,Takeaway,2023-03-04
Txn_9345439,Coffee,2,2.0,4.0,Cash,Takeaway,2023-08-07
Txn_9710430,Sandwich,3,4.0,12.0,Credit Card,Takeaway,2023-01-10
Txn_8859035,Cake,3,3.0,9.0,Digital Wallet,Takeaway,2023-01-19
Txn_9206049,Cookie,1,1.0,1.0,Credit Card,In-Store,2023-09-17
Txn_8748070,Cookie,2,1.0,2.0,Credit Card,In-Store,2023-07-31
Txn_1079241,Juice,3,3.0,9.0,Digital Wallet,Takeaway,2023-07-16
Txn_7878520,Sandwich,3,4.0,12.0,Digital Wallet,Takeaway,2023-08-29
Txn_7682621,Sandwich,4,4.0,16.0,Cash,Takeaway,2023-11-07
Txn_3291900,Smoothie,4,4.0,16.0,Cash,Takeaway,2023-05-04
Txn_6501091,Juice,2,3.0,6.0,Digital Wallet,Takeaway,2023-05-07
Txn_1721366,Smoothie,5,4.0,20.0,Digital Wallet,In-Store,2023-04-09
Txn_3924170,Tea,3,1.5,4.5,Credit Card,In-Store,2023-08-07
Txn_9374286,Coffee,5,2.0,10.0,Cash,In-Store,2023-08-07
Txn_6577619,Salad,3,5.0,15.0,Credit Card,In-Store,2023-07-22
Txn_1577802,Juice,2,3.0,6.0,Credit Card,In-Store,2023-11-29
Txn_2141924,Salad,5,5.0,25.0,Cash,In-Store,2023-11-27
Txn_2866735,Cookie,4,1.0,4.0,Cash,Takeaway,2023-03-13
Txn_6748374,Salad,1,5.0,5.0,Credit Card,Takeaway,2023-07-24
Txn_5056971,Tea,4,1.5,6.0,Cash,Takeaway,2023-08-22
Txn_6481150,Salad,4,5.0,20.0,Digital Wallet,In-Store,2023-03-30
Txn_2371827,Cookie,5,1.0,5.0,Cash,In-Store,2023-04-03
Txn_5457767,Cake,3,3.0,9.0,Cash,In-Store,2023-08-14
Txn_6443522,Smoothie,4,4.0,16.0,Digital Wallet,In-Store,2023-06-22
Txn_1228888,Cookie,1,1.0,1.0,Credit Card,In-Store,2023-10-05
Txn_8432624,Juice,3,3.0,9.0,Cash,Takeaway,2023-06-24
Txn_1898102,Cake,4,3.0,12.0,Credit Card,Takeaway,2023-10-17
Txn_6142529,Tea,5,1.5,7.5,Credit Card,In-Store,2023-07-21
Txn_9279935,Coffee,2,2.0,4.0,Digital Wallet,In-Store,2023-06-02
Txn_2501656,Cake,5,3.0,15.0,Digital Wallet,Takeaway,2023-07-02
Txn_6959065,Coffee,5,2.0,10.0,Digital Wallet,Takeaway,2023-05-05
Txn_6265760,Cake,1,3.0,3.0,Credit Card,Takeaway,2023-06-21
Txn_8882176,Cookie,4,1.0,4.0,Cash,Takeaway,2023-03-28
Txn_3655322,Juice,3,3.0,9.0,Digital Wallet,Takeaway,2023-10-03
Txn_5734319,Coffee,5,2.0,10.0,Cash,Takeaway,2023-06-01
Txn_7343660,Salad,5,5.0,25.0,Credit Card,In-Store,2023-08-06
Txn_2330694,Salad,3,5.0,15.0,Cash,In-Store,2023-05-31
Txn_4476076,Smoothie,2,4.0,8.0,Digital Wallet,Takeaway,2023-03-26
Txn_4183749,Cake,4,3.0,12.0,Credit Card,Takeaway,2023-01-25
Txn_1792405,Tea,3,1.5,4.5,Digital Wallet,Takeaway,2023-07-06
Txn_6101067,Smoothie,1,4.0,4.0,Credit Card,Takeaway,2023-09-05
Txn_3994585,Cake,3,3.0,9.0,Digital Wallet,In-Store,2023-07-24
Txn_5202752,Smoothie,5,4.0,20.0,Credit Card,Takeaway,2023-05-08
Txn_8714850,Juice,5,3.0,15.0,Cash,In-Store,2023-04-30
Txn_4919285,Coffee,4,2.0,8.0,Cash,Takeaway,2023-10-15
Txn_1571824,Cookie,4,1.0,4.0,Cash,Takeaway,2023-10-16
Txn_3920273,Smoothie,4,4.0,16.0,Digital Wallet,In-Store,2023-09-05
Txn_7268387,Juice,3,3.0,9.0,Credit Card,Takeaway,2023-04-09
Txn_6268823,Smoothie,2,4.0,8.0,Digital Wallet,Takeaway,2023-04-18
Txn_5578828,Cookie,4,1.0,4.0,Cash,In-Store,2023-05-12
Txn_9597063,Coffee,2,2.0,4.0,Digital Wallet,In-Store,2023-07-20
Txn_6867132,Cake,2,3.0,6.0,Cash,In-Store,2023-02-01
Txn_1971865,Cake,1,3.0,3.0,Digital Wallet,Takeaway,2023-04-11
Txn_6724588,Juice,2,3.0,6.0,Digital Wallet,In-Store,2023-10-16
Txn_2929426,Salad,5,5.0,25.0,Cash,Takeaway,2023-01-29
Txn_9105374,Juice,4,3.0,12.0,Digital Wallet,In-Store,2023-01-25
Txn_2882571,Cake,1,3.0,3.0,Credit Card,In-Store,2023-05-24
Txn_6640488,Tea,3,1.5,4.5,Credit Card,Takeaway,2023-04-01
Txn_7621512,Salad,4,5.0,20.0,Digital Wallet,In-Store,2023-07-24
Txn_1923263,Sandwich,4,4.0,16.0,Digital Wallet,In-Store,2023-03-12
Txn_7629728,Coffee,4,2.0,8.0,Digital Wallet,In-Store,2023-12-15
Txn_8903958,Juice,2,3.0,6.0,Digital Wallet,Takeaway,2023-11-12
Txn_6076602,Tea,4,1.5,6.0,Credit Card,In-Store,2023-02-07
Txn_2340643,Salad,5,5.0,25.0,Cash,In-Store,2023-01-05
Txn_3238759,Sandwich,5,4.0,20.0,Digital Wallet,In-Store,2023-07-20
Txn_3585602,Juice,2,3.0,6.0,Cash,In-Store,2023-04-17
Txn_2639283,Juice,5,3.0,15.0,Digital Wallet,Takeaway,2023-08-13
Txn_1505837,Sandwich,3,4.0,12.0,Credit Card,In-Store,2023-12-15
Txn_7292790,Cookie,4,1.0,4.0,Cash,In-Store,2023-06-13
Txn_7631496,Cookie,3,1.0,3.0,Digital Wallet,In-Store,2023-11-05
Txn_6770844,Juice,1,3.0,3.0,Digital Wallet,In-Store,2023-05-08
Txn_4699911,Coffee,2,2.0,4.0,Digital Wallet,Takeaway,2023-07-21
Txn_3472433,Coffee,4,2.0,8.0,Credit Card,Takeaway,2023-10-29
Txn_7179827,Juice,4,3.0,12.0,Credit Card,In-Store,2023-06-28
Txn_6046363,Smoothie,5,4.0,20.0,Digital Wallet,Takeaway,2023-03-20
Txn_7117210,Juice,4,3.0,12.0,Digital Wallet,In-Store,2023-09-25
Txn_5823330,Salad,3,5.0,15.0,Digital Wallet,In-Store,2023-10-19
Txn_8155540,Salad,5,5.0,25.0,Credit Card,Takeaway,2023-03-19
Txn_2418609,Sandwich,2,4.0,8.0,Digital Wallet,In-Store,2023-09-06
Txn_4382802,Sandwich,1,4.0,4.0,Digital Wallet,Takeaway,2023-07-17
Txn_9970964,Smoothie,2,4.0,8.0,Credit Card,Takeaway,2023-07-07
Txn_5946779,Sandwich,1,4.0,4.0,Cash,In-Store,2023-05-25
Txn_8982328,Juice,1,3.0,3.0,Credit Card,In-Store,2023-10-20
Txn_1322421,Juice,4,3.0,12.0,Credit Card,Takeaway,2023-03-05
Txn_4972634,Sandwich,5,4.0,20.0,Credit Card,In-Store,2023-07-22
Txn_8159772,Cake,1,3.0,3.0,Credit Card,In-Store,2023-10-02
Txn_4360970,Tea,3,1.5,4.5,Digital Wallet,Takeaway,2023-06-28
Txn_3886583,Tea,3,1.5,4.5,Digital Wallet,In-Store,2023-05-03
Txn_4039864,Cake,2,3.0,6.0,Cash,In-Store,2023-07-24
Txn_8103754,Salad,5,5.0,25.0,Cash,Takeaway,2023-01-29
Txn_6318017,Tea,3,1.5,4.5,Cash,In-Store,2023-06-23
Txn_4583009,Salad,5,5.0,25.0,Credit Card,In-Store,2023-01-08
Txn_8863649,Cookie,1,1.0,1.0,Credit Card,In-Store,2023-03-05
Txn_1830432,Cookie,3,1.0,3.0,Digital Wallet,Takeaway,2023-11-02
Txn_2880516,Tea,1,1.5,1.5,Cash,In-Store,2023-03-26
Txn_2294603,Tea,1,1.5,1.5,Credit Card,Takeaway,2023-09-02
Txn_1220061,Sandwich,3,4.0,12.0,Digital Wallet,In-Store,2023-09-03
Txn_3463337,Juice,5,3.0,15.0,Credit Card,In-Store,2023-09-20
Txn_8016623,Tea,2,1.5,3.0,Cash,Takeaway,2023-05-09
Txn_2841233,Cookie,1,1.0,1.0,Cash,Takeaway,2023-12-01
Txn_1458905,Sandwich,1,4.0,4.0,Digital Wallet,Takeaway,2023-02-19
Txn_7994903,Smoothie,4,4.0,16.0,Credit Card,In-Store,2023-01-09
Txn_2185727,Salad,4,5.0,20.0,Digital Wallet,In-Store,2023-10-08
Txn_8971366,Juice,2,3.0,6.0,Digital Wallet,In-Store,2023-08-24
Txn_3669866,Tea,3,1.5,4.5,Digital Wallet,In-Store,2023-05-10
Txn_9395223,Cookie,4,1.0,4.0,Credit Card,In-Store,2023-12-29
Txn_5808719,Juice,1,3.0,3.0,Cash,In-Store,2023-10-01
Txn_1985396,Sandwich,3,4.0,12.0,Cash,In-Store,2023-01-23
Txn_1533652,Tea,3,1.5,4.5,Cash,In-Store,2023-08-17
Txn_6345619,Cake,5,3.0,15.0,Digital Wallet,Takeaway,2023-12-09
Txn_8127681,Smoothie,1,4.0,4.0,Credit Card,Takeaway,2023-09-02
Txn_7705153,Tea,1,1.5,1.5,Digital Wallet,In-Store,2023-01-25
Txn_9517548,Coffee,3,2.0,6.0,Cash,Takeaway,2023-01-25
Txn_4467046,Salad,4,5.0,20.0,Digital Wallet,Takeaway,2023-09-27
Txn_8167530,Cake,3,3.0,9.0,Cash,In-Store,2023-03-08
Txn_5492822,Coffee,4,2.0,8.0,Digital Wallet,Takeaway,2023-12-16
Txn_1091115,Sandwich,5,4.0,20.0,Cash,Takeaway,2023-11-04
Txn_7961171,Juice,3,3.0,9.0,Cash,In-Store,2023-01-27
Txn_6177334,Juice,1,3.0,3.0,Credit Card,In-Store,2023-02-15
Txn_3561149,Juice,4,3.0,12.0,Digital Wallet,Takeaway,2023-05-20
Txn_9965686,Cake,4,3.0,12.0,Credit Card,Takeaway,2023-10-02
Txn_5303413,Coffee,1,2.0,2.0,Digital Wallet,In-Store,2023-06-21
Txn_6018020,Cookie,2,1.0,2.0,Credit Card,Takeaway,2023-01-12
Txn_3305132,Cake,4,3.0,12.0,Credit Card,Takeaway,2023-01-30
Txn_9845746,Cake,1,3.0,3.0,Digital Wallet,In-Store,2023-09-23
Txn_1547704,Coffee,5,2.0,10.0,Cash,In-Store,2023-02-14
Txn_6135727,Juice,4,3.0,12.0,Digital Wallet,Takeaway,2023-12-15
Txn_3660227,Juice,4,3.0,12.0,Credit Card,Takeaway,2023-05-13
Txn_4064310,Tea,4,1.5,6.0,Cash,Takeaway,2023-07-24
Txn_9616828,Coffee,2,2.0,4.0,Digital Wallet,Takeaway,2023-12-20
Txn_1522122,Cookie,5,1.0,5.0,Credit Card,In-Store,2023-02-14
Txn_5029453,Sandwich,2,4.0,8.0,Digital Wallet,In-Store,2023-06-24
Txn_8759461,Tea,2,1.5,3.0,Cash,In-Store,2023-01-31
Txn_6276679,Cookie,3,1.0,3.0,Digital Wallet,Takeaway,2023-11-08
Txn_9386165,Sandwich,2,4.0,8.0,Digital Wallet,In-Store,2023-06-01
Txn_6064232,Tea,2,1.5,3.0,Credit Card,Takeaway,2023-04-09
Txn_3604017,Cake,4,3.0,12.0,Digital Wallet,In-Store,2023-09-21
Txn_1465584,Sandwich,1,4.0,4.0,Credit Card,In-Store,2023-04-29
Txn_7419274,Juice,2,3.0,6.0,Cash,Takeaway,2023-12-18
Txn_2205071,Coffee,5,2.0,10.0,Credit Card,In-Store,2023-11-23
Txn_5790078,Juice,4,3.0,12.0,Digital Wallet,Takeaway,2023-04-16
Txn_4119210,Tea,3,1.5,4.5,Cash,In-Store,2023-05-02
Txn_2349072,Smoothie,5,4.0,20.0,Cash,Takeaway,2023-09-06
Txn_2194305,Sandwich,2,4.0,8.0,Credit Card,Takeaway,2023-09-16
Txn_4837447,Cake,2,3.0,6.0,Digital Wallet,Takeaway,2023-11-06
Txn_4046095,Juice,2,3.0,6.0,Digital Wallet,Takeaway,2023-10-12
Txn_9707159,Cake,5,3.0,15.0,Credit Card,In-Store,2023-11-10
Txn_9983518,Tea,2,1.5,3.0,Credit Card,In-Store,2023-07-18
Txn_1714348,Sandwich,2,4.0,8.0,Cash,Takeaway,2023-12-31
Txn_8211288,Smoothie,1,4.0,4.0,Cash,In-Store,2023-04-23
Txn_6335423,Coffee,2,2.0,4.0,Credit Card,In-Store,2023-06-18
Txn_9475783,Sandwich,5,4.0,20.0,Credit Card,Takeaway,2023-02-11
Txn_1645743,Cookie,4,1.0,4.0,Digital Wallet,Takeaway,2023-07-02
Txn_2377667,Smoothie,3,4.0,12.0,Digital Wallet,Takeaway,2023-10-27
Txn_6716151,Sandwich,3,4.0,12.0,Digital Wallet,Takeaway,2023-01-26
Txn_5303258,Sandwich,4,4.0,16.0,Digital Wallet,In-Store,2023-09-28
Txn_9263030,Sandwich,5,4.0,20.0,Cash,Takeaway,2023-07-03
Txn_8952145,Cake,3,3.0,9.0,Credit Card,Takeaway,2023-01-28
Txn_7855761,Cookie,1,1.0,1.0,Cash,In-Store,2023-01-10
Txn_9455977,Tea,1,1.5,1.5,Digital Wallet,Takeaway,2023-03-10
Txn_4528522,Coffee,5,2.0,10.0,Digital Wallet,Takeaway,2023-12-04
Txn_7049861,Cake,5,3.0,15.0,Cash,In-Store,2023-01-20
Txn_9001844,Sandwich,1,4.0,4.0,Cash,Takeaway,2023-08-02
Txn_9104710,Salad,5,5.0,25.0,Cash,Takeaway,2023-03-20
Txn_8859144,Cake,1,3.0,3.0,Digital Wallet,Takeaway,2023-01-15
Txn_4271034,Smoothie,3,4.0,12.0,Digital Wallet,In-Store,2023-02-28
Txn_2741424,Tea,4,1.5,6.0,Credit Card,In-Store,2023-05-03
Txn_6676143,Sandwich,5,4.0,20.0,Cash,In-Store,2023-05-21
Txn_3016079,Smoothie,3,4.0,12.0,Digital Wallet,Takeaway,2023-09-24
Txn_6881662,Salad,2,5.0,10.0,Digital Wallet,Takeaway,2023-07-10
Txn_9812021,Tea,5,1.5,7.5,Credit Card,In-Store,2023-02-12
Txn_7947711,Salad,3,5.0,15.0,Digital Wallet,Takeaway,2023-12-06
Txn_3949676,Juice,4,3.0,12.0,Credit Card,In-Store,2023-12-21
Txn_4283693,Salad,2,5.0,10.0,Cash,In-Store,2023-01-05
Txn_2274945,Sandwich,4,4.0,16.0,Cash,In-Store,2023-03-29
Txn_6787259,Sandwich,2,4.0,8.0,Credit Card,In-Store,2023-08-18
Txn_8533584,Cookie,2,1.0,2.0,Cash,Takeaway,2023-03-11
Txn_4311369,Smoothie,2,4.0,8.0,Digital Wallet,Takeaway,2023-08-18
Txn_7485706,Cookie,5,1.0,5.0,Credit Card,Takeaway,2023-11-15
Txn_9908225,Smoothie,5,4.0,20.0,Credit Card,In-Store,2023-01-04
Txn_7163533,Smoothie,4,4.0,16.0,Credit Card,Takeaway,2023-08-17
Txn_6867995,Cookie,3,1.0,3.0,Digital Wallet,In-Store,2023-10-15
Txn_5256055,Salad,5,5.0,25.0,Credit Card,Takeaway,2023-02-07
Txn_6067979,Sandwich,1,4.0,4.0,Credit Card,In-Store,2023-07-29
Txn_6069730,Juice,1,3.0,3.0,Cash,In-Store,2023-02-05
Txn_4224401,Salad,3,5.0,15.0,Digital Wallet,In-Store,2023-12-18
Txn_9858152,Smoothie,2,4.0,8.0,Digital Wallet,In-Store,2023-01-28
Txn_4060332,Smoothie,3,4.0,12.0,Credit Card,Takeaway,2023-07-10
Txn_2905218,Smoothie,5,4.0,20.0,Cash,In-Store,2023-09-03
Txn_8277583,Cookie,5,1.0,5.0,Digital Wallet,Takeaway,2023-08-15
Txn_2078317,Tea,1,1.5,1.5,Cash,In-Store,2023-09-21
Txn_7057481,Smoothie,3,4.0,12.0,Cash,In-Store,2023-07-11
Txn_1828494,Juice,2,3.0,6.0,Digital Wallet,Takeaway,2023-07-21
Txn_3509609,Smoothie,3,4.0,12.0,Digital Wallet,Takeaway,2023-12-25
Txn_4276442,Cake,4,3.0,12.0,Credit Card,In-Store,2023-01-25
Txn_7956243,Cake,4,3.0,12.0,Cash,Takeaway,2023-05-23
Txn_3709853,Smoothie,2,4.0,8.0,Credit Card,Takeaway,2023-08-21
Txn_1408709,Smoothie,5,4.0,20.0,Cash,Takeaway,2023-04-14
Txn_4003040,Cookie,4,1.0,4.0,Credit Card,In-Store,2023-09-12
Txn_9781679,Sandwich,2,4.0,8.0,Credit Card,Takeaway,2023-09-08
Txn_9370771,Juice,5,3.0,15.0,Cash,In-Store,2023-08-21
Txn_5914284,Coffee,2,2.0,4.0,Credit Card,Takeaway,2023-06-25
Txn_9878649,Smoothie,5,4.0,20.0,Cash,Takeaway,2023-09-18
Txn_5909816,Juice,5,3.0,15.0,Cash,Takeaway,2023-09-19
Txn_9461980,Salad,1,5.0,5.0,Credit Card,In-Store,2023-04-14
Txn_8090470,Sandwich,4,4.0,16.0,Digital Wallet,Takeaway,2023-11-18
Txn_9067752,Smoothie,2,4.0,8.0,Digital Wallet,Takeaway,2023-04-24
Txn_2640771,Cookie,2,1.0,2.0,Digital Wallet,Takeaway,2023-01-27
Txn_8593064,Smoothie,4,4.0,16.0,Cash,Takeaway,2023-03-12
Txn_8659330,Tea,4,1.5,6.0,Credit Card,Takeaway,2023-08-20
Txn_2317867,Tea,5,1.5,7.5,Cash,In-Store,2023-01-23
Txn_7467621,Salad,4,5.0,20.0,Credit Card,Takeaway,2023-01-28
Txn_3602272,Smoothie,3,4.0,12.0,Digital Wallet,Takeaway,2023-02-15
Txn_4913329,Coffee,5,2.0,10.0,Credit Card,Takeaway,2023-10-30
Txn_8830809,Sandwich,5,4.0,20.0,Digital Wallet,In-Store,2023-07-31
Txn_9662632,Salad,4,5.0,20.0,Digital Wallet,In-Store,2023-08-10
Txn_2112848,Cookie,4,1.0,4.0,Credit Card,In-Store,2023-10-16
Txn_6923480,Coffee,3,2.0,6.0,Cash,Takeaway,2023-10-27
Txn_8875195,Sandwich,5,4.0,20.0,Credit Card,In-Store,2023-08-21
Txn_9928552,Sandwich,5,4.0,20.0,Credit Card,Takeaway,2023-06-13
Txn_3456748,Juice,2,3.0,6.0,Cash,In-Store,2023-01-30
Txn_6218380,Cookie,4,1.0,4.0,Cash,In-Store,2023-02-07
Txn_3839691,Coffee,4,2.0,8.0,Credit Card,In-Store,2023-02-13
Txn_2559020,Cake,1,3.0,3.0,Digital Wallet,Takeaway,2023-07-20
Txn_8607376,Coffee,5,2.0,10.0,Cash,In-Store,2023-06-13
Txn_5858713,Cookie,2,1.0,2.0,Credit Card,In-Store,2023-03-05
Txn_3312690,Cookie,3,1.0,3.0,Credit Card,In-Store,2023-03-01
Txn_8687088,Cookie,2,1.0,2.0,Credit Card,In-Store,2023-05-11
Txn_5139074,Cake,1,3.0,3.0,Digital Wallet,Takeaway,2023-11-16
Txn_5301926,Cake,1,3.0,3.0,Digital Wallet,Takeaway,2023-11-13
Txn_3454881,Salad,1,5.0,5.0,Cash,In-Store,2023-11-29
Txn_2904046,Smoothie,1,4.0,4.0,Credit Card,In-Store,2023-12-11
Txn_6540200,Tea,2,1.5,3.0,Digital Wallet,In-Store,2023-10-23
Txn_9188774,Tea,1,1.5,1.5,Digital Wallet,Takeaway,2023-04-14
Txn_7493800,Cake,5,3.0,15.0,Credit Card,Takeaway,2023-08-16
Txn_8413251,Sandwich,3,4.0,12.0,Cash,Takeaway,2023-08-18
Txn_1444932,Smoothie,1,4.0,4.0,Cash,In-Store,2023-05-24
Txn_5065748,Cake,5,3.0,15.0,Credit Card,In-Store,2023-07-19
Txn_8014645,Cake,2,3.0,6.0,Cash,Takeaway,2023-07-06
Txn_1698600,Salad,4,5.0,20.0,Cash,Takeaway,2023-07-31
Txn_3463568,Salad,2,5.0,10.0,Digital Wallet,In-Store,2023-04-12
Txn_9968926,Juice,2,3.0,6.0,Digital Wallet,Takeaway,2023-03-15
Txn_1935119,Coffee,4,2.0,8.0,Credit Card,Takeaway,2023-07-15
Txn_6784478,Cookie,2,1.0,2.0,Credit Card,Takeaway,2023-12-21
Txn_3866162,Cake,5,3.0,15.0,Cash,Takeaway,2023-06-08
Txn_4650834,Salad,3,5.0,15.0,Digital Wallet,Takeaway,2023-07-14
Txn_1192970,Coffee,2,2.0,4.0,Digital Wallet,Takeaway,2023-06-17
Txn_7645464,Tea,5,1.5,7.5,Cash,Takeaway,2023-08-17
Txn_9495855,Juice,2,3.0,6.0,Cash,In-Store,2023-04-18
Txn_6687699,Salad,4,5.0,20.0,Cash,In-Store,2023-09-11
Txn_6433362,Cookie,2,1.0,2.0,Cash,In-Store,2023-12-07
Txn_4991594,Smoothie,2,4.0,8.0,Credit Card,In-Store,2023-12-08
Txn_4463677,Salad,5,5.0,25.0,Digital Wallet,In-Store,2023-02-27
Txn_5297746,Coffee,3,2.0,6.0,Credit Card,In-Store,2023-07-11
Txn_8145813,Juice,4,3.0,12.0,Digital Wallet,In-Store,2023-02-10
Txn_3801485,Coffee,5,2.0,10.0,Credit Card,In-Store,2023-11-10
Txn_2312908,Coffee,3,2.0,6.0,Cash,In-Store,2023-02-07
Txn_3620213,Coffee,2,2.0,4.0,Credit Card,In-Store,2023-09-09
Txn_9579691,Cookie,5,1.0,5.0,Credit Card,In-Store,2023-01-16
Txn_3462602,Cake,3,3.0,9.0,Credit Card,In-Store,2023-08-27
Txn_9152120,Sandwich,4,4.0,16.0,Cash,Takeaway,2023-03-28
Txn_7511351,Tea,4,1.5,6.0,Cash,Takeaway,2023-10-07
Txn_1020478,Coffee,1,2.0,2.0,Digital Wallet,Takeaway,2023-03-09
Txn_4975029,Smoothie,4,4.0,16.0,Cash,In-Store,2023-04-23
Txn_8640673,Juice,2,3.0,6.0,Cash,In-Store,2023-09-11
Txn_7857126,Cookie,4,1.0,4.0,Cash,Takeaway,2023-08-21
Txn_3635628,Sandwich,3,4.0,12.0,Digital Wallet,In-Store,2023-10-28
Txn_9454387,Salad,2,5.0,10.0,Cash,Takeaway,2023-01-02
Txn_9660362,Cake,2,3.0,6.0,Credit Card,Takeaway,2023-08-16
Txn_6332405,Juice,3,3.0,9.0,Digital Wallet,Takeaway,2023-12-03
Txn_8860052,Cake,5,3.0,15.0,Credit Card,Takeaway,2023-07-18
Txn_6732833,Salad,1,5.0,5.0,Digital Wallet,In-Store,2023-07-21
Txn_6232398,Juice,2,3.0,6.0,Cash,In-Store,2023-07-05
Txn_7670296,Juice,2,3.0,6.0,Cash,Takeaway,2023-01-25
Txn_6658070,Juice,2,3.0,6.0,Cash,Takeaway,2023-11-03
Txn_4228838,Coffee,5,2.0,10.0,Credit Card,Takeaway,2023-09-22
Txn_1272118,Cookie,4,1.0,4.0,Credit Card,Takeaway,2023-04-21
Txn_4060215,Salad,3,5.0,15.0,Credit Card,In-Store,2023-01-12
Txn_2569119,Juice,1,3.0,3.0,Credit Card,Takeaway,2023-08-04
Txn_7992512,Sandwich,5,4.0,20.0,Credit Card,In-Store,2023-07-17
Txn_2417271,Tea,4,1.5,6.0,Credit Card,Takeaway,2023-02-01
Txn_9425096,Smoothie,5,4.0,20.0,Credit Card,In-Store,2023-06-12
Txn_6236737,Juice,5,3.0,15.0,Cash,In-Store,2023-03-19
Txn_9691364,Cookie,3,1.0,3.0,Credit Card,In-Store,2023-03-02
Txn_5132482,Juice,2,3.0,6.0,Digital Wallet,In-Store,2023-12-21
Txn_9969836,Cookie,5,1.0,5.0,Digital Wallet,Takeaway,2023-04-06
Txn_7938279,Tea,3,1.5,4.5,Cash,Takeaway,2023-03-17
Txn_6398450,Tea,2,1.5,3.0,Digital Wallet,In-Store,2023-11-19
Txn_8384428,Cookie,1,1.0,1.0,Digital Wallet,In-Store,2023-08-11
Txn_6541329,Cookie,2,1.0,2.0,Cash,Takeaway,2023-09-28
Txn_7667139,Sandwich,3,4.0,12.0,Credit Card,Takeaway,2023-12-05
Txn_1396019,Coffee,4,2.0,8.0,Cash,In-Store,2023-12-03
Txn_4811225,Tea,5,1.5,7.5,Cash,Takeaway,2023-11-01
Txn_4564220,Tea,1,1.5,1.5,Digital Wallet,Takeaway,2023-05-09
Txn_5414186,Smoothie,1,4.0,4.0,Credit Card,Takeaway,2023-04-24
Txn_1740742,Tea,4,1.5,6.0,Digital Wallet,In-Store,2023-10-06
Txn_1236759,Coffee,1,2.0,2.0,Credit Card,In-Store,2023-01-26
Txn_4755860,Juice,5,3.0,15.0,Digital Wallet,In-Store,2023-10-28
Txn_1755817,Salad,5,5.0,25.0,Digital Wallet,Takeaway,2023-07-17
Txn_6714749,Sandwich,1,4.0,4.0,Credit Card,Takeaway,2023-08-02
Txn_6013024,Juice,3,3.0,9.0,Credit Card,Takeaway,2023-09-06
Txn_8065852,Sandwich,1,4.0,4.0,Credit Card,In-Store,2023-07-17
Txn_3695238,Salad,5,5.0,25.0,Cash,Takeaway,2023-04-20
Txn_1349640,Juice,2,3.0,6.0,Credit Card,In-Store,2023-06-17
Txn_9660030,Cake,5,3.0,15.0,Credit Card,In-Store,2023-11-24
Txn_9649503,Cake,1,3.0,3.0,Credit Card,Takeaway,2023-01-02
Txn_6618160,Tea,5,1.5,7.5,Cash,Takeaway,2023-03-13
Txn_4590013,Tea,5,1.5,7.5,Cash,Takeaway,2023-04-19
Txn_2457961,Coffee,2,2.0,4.0,Credit Card,In-Store,2023-06-08
Txn_2208949,Cake,4,3.0,12.0,Cash,Takeaway,2023-08-05
Txn_6806968,Cookie,4,1.0,4.0,Cash,Takeaway,2023-07-03
Txn_4252608,Juice,3,3.0,9.0,Credit Card,In-Store,2023-08-23
Txn_1917336,Sandwich,3,4.0,12.0,Cash,In-Store,2023-04-12
Txn_6476719,Juice,5,3.0,15.0,Cash,Takeaway,2023-06-04
Txn_7153455,Coffee,4,2.0,8.0,Digital Wallet,Takeaway,2023-07-02
Txn_7383137,Coffee,2,2.0,4.0,Credit Card,In-Store,2023-12-02
Txn_2441029,Cake,5,3.0,15.0,Cash,In-Store,2023-05-18
Txn_4801947,Juice,1,3.0,3.0,Digital Wallet,Takeaway,2023-01-01
Txn_2547156,Cookie,3,1.0,3.0,Digital Wallet,Takeaway,2023-08-18
Txn_8621278,Salad,2,5.0,10.0,Cash,Takeaway,2023-02-01
Txn_2616353,Smoothie,3,4.0,12.0,Cash,Takeaway,2023-06-24
Txn_3608237,Salad,1,5.0,5.0,Digital Wallet,Takeaway,2023-11-26
Txn_2423167,Cake,3,3.0,9.0,Digital Wallet,Takeaway,2023-06-29
Txn_3910293,Cake,4,3.0,12.0,Cash,In-Store,2023-01-30
Txn_4568379,Cookie,3,1.0,3.0,Digital Wallet,In-Store,2023-05-28
Txn_3880494,Sandwich,4,4.0,16.0,Cash,Takeaway,2023-12-17
Txn_9320353,Salad,5,5.0,25.0,Cash,In-Store,2023-01-10
Txn_8837015,Juice,3,3.0,9.0,Credit Card,In-Store,2023-06-11
Txn_2667131,Sandwich,2,4.0,8.0,Credit Card,Takeaway,2023-10-10
Txn_5536056,Smoothie,3,4.0,12.0,Digital Wallet,Takeaway,2023-12-22
Txn_9020641,Cake,4,3.0,12.0,Credit Card,In-Store,2023-06-27
Txn_9705971,Juice,2,3.0,6.0,Credit Card,Takeaway,2023-09-02
Txn_4809626,Coffee,5,2.0,10.0,Cash,Takeaway,2023-02-18
Txn_5171248,Cake,5,3.0,15.0,Digital Wallet,In-Store,2023-06-14
Txn_8552898,Coffee,5,2.0,10.0,Credit Card,Takeaway,2023-11-06
Txn_4787754,Juice,2,3.0,6.0,Digital Wallet,Takeaway,2023-08-31
Txn_6021363,Sandwich,2,4.0,8.0,Credit Card,Takeaway,2023-01-11
Txn_2477650,Cookie,1,1.0,1.0,Cash,Takeaway,2023-10-24
Txn_4987376,Tea,2,1.5,3.0,Digital Wallet,Takeaway,2023-08-20
Txn_7362526,Juice,1,3.0,3.0,Credit Card,Takeaway,2023-09-16
Txn_6324687,Smoothie,1,4.0,4.0,Credit Card,Takeaway,2023-03-03
Txn_4757873,Tea,1,1.5,1.5,Credit Card,In-Store,2023-09-12
Txn_6283718,Smoothie,3,4.0,12.0,Digital Wallet,Takeaway,2023-07-20
Txn_3048882,Juice,2,3.0,6.0,Cash,Takeaway,2023-12-30
Txn_5922981,Salad,5,5.0,25.0,Digital Wallet,Takeaway,2023-11-10
Txn_4108567,Coffee,2,2.0,4.0,Cash,Takeaway,2023-08-14
Txn_9246986,Tea,4,1.5,6.0,Cash,Takeaway,2023-09-08
Txn_5832513,Juice,4,3.0,12.0,Cash,In-Store,2023-11-02
Txn_6053755,Cookie,4,1.0,4.0,Digital Wallet,Takeaway,2023-01-18
Txn_6361593,Sandwich,4,4.0,16.0,Digital Wallet,Takeaway,2023-08-29
Txn_2729959,Smoothie,4,4.0,16.0,Digital Wallet,In-Store,2023-02-01
Txn_2134763,Juice,3,3.0,9.0,Credit Card,Takeaway,2023-03-28
Txn_1633607,Juice,1,3.0,3.0,Cash,Takeaway,2023-03-13
Txn_5845583,Tea,4,1.5,6.0,Cash,In-Store,2023-10-19
Txn_6692318,Tea,2,1.5,3.0,Cash,In-Store,2023-08-20
Txn_9571019,Coffee,2,2.0,4.0,Cash,In-Store,2023-06-22
Txn_6451595,Juice,2,3.0,6.0,Credit Card,Takeaway,2023-03-26
Txn_4797429,Salad,5,5.0,25.0,Digital Wallet,In-Store,2023-11-07
Txn_6925284,Juice,5,3.0,15.0,Digital Wallet,Takeaway,2023-01-21
Txn_2925996,Cake,3,3.0,9.0,Cash,Takeaway,2023-04-11
Txn_5750248,Salad,4,5.0,20.0,Digital Wallet,In-Store,2023-07-20
Txn_7416196,Smoothie,2,4.0,8.0,Cash,In-Store,2023-10-20
Txn_6438980,Salad,2,5.0,10.0,Credit Card,Takeaway,2023-11-10
Txn_2424839,Juice,4,3.0,12.0,Digital Wallet,In-Store,2023-09-28
Txn_1982031,Cookie,4,1.0,4.0,Cash,Takeaway,2023-02-03
Txn_3060286,Tea,2,1.5,3.0,Cash,Takeaway,2023-08-10
Txn_2764625,Tea,1,1.5,1.5,Cash,In-Store,2023-12-03
Txn_6086123,Juice,3,3.0,9.0,Credit Card,Takeaway,2023-11-17
Txn_4389662,Smoothie,1,4.0,4.0,Cash,Takeaway,2023-08-09
Txn_9389300,Salad,3,5.0,15.0,Credit Card,Takeaway,2023-01-14
Txn_2147448,Coffee,4,2.0,8.0,Credit Card,In-Store,2023-11-27
Txn_9857832,Tea,3,1.5,4.5,Cash,In-Store,2023-03-31
Txn_1292430,Smoothie,1,4.0,4.0,Credit Card,Takeaway,2023-03-09
Txn_2470530,Cake,1,3.0,3.0,Digital Wallet,Takeaway,2023-03-21
Txn_1434598,Sandwich,5,4.0,20.0,Cash,Takeaway,2023-11-18
Txn_4375708,Sandwich,4,4.0,16.0,Credit Card,Takeaway,2023-08-01
Txn_9775984,Juice,2,3.0,6.0,Credit Card,In-Store,2023-10-09
Txn_1625754,Cake,5,3.0,15.0,Digital Wallet,In-Store,2023-08-03
Txn_9567915,Cake,1,3.0,3.0,Digital Wallet,Takeaway,2023-06-30
Txn_4062634,Salad,2,5.0,10.0,Credit Card,In-Store,2023-04-05
Txn_6624397,Juice,4,3.0,12.0,Cash,Takeaway,2023-04-30
Txn_2404800,Sandwich,5,4.0,20.0,Cash,In-Store,2023-01-28
Txn_4501915,Juice,4,3.0,12.0,Credit Card,Takeaway,2023-12-04
Txn_4247105,Coffee,5,2.0,10.0,Cash,In-Store,2023-04-14
Txn_8732935,Cookie,4,1.0,4.0,Credit Card,Takeaway,2023-08-06
Txn_3270584,Cake,3,3.0,9.0,Credit Card,Takeaway,2023-01-10
Txn_7412012,Coffee,1,2.0,2.0,Cash,In-Store,2023-08-02
Txn_1927324,Sandwich,1,4.0,4.0,Digital Wallet,Takeaway,2023-08-29
Txn_7371782,Tea,3,1.5,4.5,Cash,In-Store,2023-02-26
Txn_7631505,Sandwich,4,4.0,16.0,Cash,In-Store,2023-07-08
Txn_2593909,Juice,2,3.0,6.0,Cash,In-Store,2023-02-25
Txn_3745153,Smoothie,4,4.0,16.0,Digital Wallet,In-Store,2023-06-30
Txn_8153957,Coffee,1,2.0,2.0,Digital Wallet,Takeaway,2023-10-12
Txn_6874195,Juice,3,3.0,9.0,Cash,Takeaway,2023-04-22
Txn_5172383,Juice,3,3.0,9.0,Cash,In-Store,2023-03-28
Txn_9288999,Cookie,3,1.0,3.0,Credit Card,In-Store,2023-05-01
Txn_2244418,Salad,5,5.0,25.0,Cash,Takeaway,2023-10-15
Txn_3888864,Sandwich,1,4.0,4.0,Credit Card,In-Store,2023-10-13
Txn_4356114,Juice,2,3.0,6.0,Cash,Takeaway,2023-05-05
Txn_2097023,Salad,3,5.0,15.0,Digital Wallet,Takeaway,2023-11-10
Txn_3529354,Juice,2,3.0,6.0,Credit Card,Takeaway,2023-09-06
Txn_7251037,Salad,3,5.0,15.0,Credit Card,In-Store,2023-08-17
Txn_9891576,Sandwich,3,4.0,12.0,Digital Wallet,Takeaway,2023-04-28
Txn_9830755,Cookie,5,1.0,5.0,Digital Wallet,Takeaway,2023-06-24
Txn_8809659,Juice,2,3.0,6.0,Cash,Takeaway,2023-01-16
Txn_7554731,Cake,1,3.0,3.0,Credit Card,In-Store,2023-02-02
Txn_8652021,Cake,1,3.0,3.0,Credit Card,In-Store,2023-09-23
Txn_7797507,Sandwich,5,4.0,20.0,Digital Wallet,Takeaway,2023-06-06
Txn_5209346,Smoothie,3,4.0,12.0,Credit Card,In-Store,2023-02-22
Txn_6571385,Tea,4,1.5,6.0,Cash,Takeaway,2023-01-06
Txn_6430534,Tea,5,1.5,7.5,Cash,Takeaway,2023-01-29
Txn_9693344,Tea,4,1.5,6.0,Credit Card,Takeaway,2023-01-15
Txn_9801552,Sandwich,4,4.0,16.0,Credit Card,Takeaway,2023-04-20
Txn_8082317,Juice,3,3.0,9.0,Cash,Takeaway,2023-08-18
Txn_1569729,Smoothie,5,4.0,20.0,Cash,Takeaway,2023-07-16
Txn_8991609,Salad,4,5.0,20.0,Digital Wallet,In-Store,2023-06-19
Txn_5000665,Cake,3,3.0,9.0,Digital Wallet,In-Store,2023-11-28
Txn_7153321,Salad,5,5.0,25.0,Credit Card,Takeaway,2023-12-19
Txn_7328705,Cookie,4,1.0,4.0,Digital Wallet,Takeaway,2023-09-09
Txn_8970187,Cake,1,3.0,3.0,Digital Wallet,Takeaway,2023-03-13
Txn_6904952,Salad,4,5.0,20.0,Digital Wallet,Takeaway,2023-04-04
Txn_9824238,Tea,5,1.5,7.5,Cash,In-Store,2023-07-14
Txn_4440412,Sandwich,3,4.0,12.0,Cash,Takeaway,2023-04-15
Txn_6068074,Smoothie,2,4.0,8.0,Cash,In-Store,2023-06-01
Txn_1701798,Coffee,2,2.0,4.0,Cash,Takeaway,2023-07-24
Txn_4807899,Coffee,5,2.0,10.0,Digital Wallet,Takeaway,2023-07-03
Txn_2102950,Coffee,5,2.0,10.0,Digital Wallet,Takeaway,2023-12-07
Txn_2210019,Sandwich,3,4.0,12.0,Cash,In-Store,2023-12-05
Txn_4059695,Salad,3,5.0,15.0,Cash,Takeaway,2023-12-30
Txn_3877643,Juice,4,3.0,12.0,Cash,In-Store,2023-11-15
Txn_3755657,Smoothie,2,4.0,8.0,Digital Wallet,In-Store,2023-03-24
Txn_5279293,Sandwich,3,4.0,12.0,Digital Wallet,Takeaway,2023-11-11
Txn_3488082,Sandwich,1,4.0,4.0,Digital Wallet,In-Store,2023-04-12
Txn_3342106,Sandwich,1,4.0,4.0,Credit Card,In-Store,2023-01-14
Txn_1967032,Tea,1,1.5,1.5,Digital Wallet,Takeaway,2023-01-12
Txn_3543930,Juice,2,3.0,6.0,Credit Card,Takeaway,2023-10-10
Txn_5747509,Cookie,2,1.0,2.0,Cash,In-Store,2023-10-30
Txn_9012517,Coffee,2,2.0,4.0,Credit Card,In-Store,2023-10-21
Txn_5303092,Tea,2,1.5,3.0,Credit Card,In-Store,2023-05-05
Txn_3865641,Cake,5,3.0,15.0,Digital Wallet,In-Store,2023-09-15
Txn_6568307,Coffee,1,2.0,2.0,Cash,In-Store,2023-07-16
Txn_8281347,Juice,4,3.0,12.0,Credit Card,In-Store,2023-08-11
Txn_8353202,Sandwich,4,4.0,16.0,Digital Wallet,In-Store,2023-06-14
Txn_7377398,Juice,2,3.0,6.0,Cash,Takeaway,2023-02-26
Txn_6915068,Juice,2,3.0,6.0,Cash,In-Store,2023-11-26
Txn_1983422,Cookie,2,1.0,2.0,Digital Wallet,In-Store,2023-06-26
Txn_5572520,Smoothie,5,4.0,20.0,Cash,Takeaway,2023-05-14
Txn_1970180,Cake,2,3.0,6.0,Digital Wallet,Takeaway,2023-08-02
Txn_5415223,Tea,2,1.5,3.0,Cash,In-Store,2023-09-02
Txn_4777601,Tea,1,1.5,1.5,Credit Card,In-Store,2023-08-18
Txn_7497122,Sandwich,5,4.0,20.0,Digital Wallet,Takeaway,2023-03-23
Txn_1256513,Coffee,4,2.0,8.0,Credit Card,In-Store,2023-02-21
Txn_9432758,Cookie,3,1.0,3.0,Cash,Takeaway,2023-10-02
Txn_7174856,Sandwich,1,4.0,4.0,Cash,Takeaway,2023-05-03
Txn_7325508,Salad,4,5.0,20.0,Credit Card,Takeaway,2023-05-27
Txn_8469087,Salad,2,5.0,10.0,Digital Wallet,Takeaway,2023-11-06
Txn_8783484,Smoothie,1,4.0,4.0,Cash,In-Store,2023-11-20
Txn_9599703,Cake,2,3.0,6.0,Digital Wallet,In-Store,2023-09-25
Txn_5445994,Juice,1,3.0,3.0,Credit Card,In-Store,2023-06-11
Txn_5468153,Smoothie,5,4.0,20.0,Digital Wallet,In-Store,2023-12-15
Txn_9363711,Coffee,5,2.0,10.0,Digital Wallet,Takeaway,2023-11-23
Txn_6845073,Cookie,1,1.0,1.0,Credit Card,In-Store,2023-04-05
Txn_1691313,Sandwich,2,4.0,8.0,Digital Wallet,Takeaway,2023-03-17
Txn_5425668,Cookie,5,1.0,5.0,Cash,Takeaway,2023-04-09
Txn_2101934,Smoothie,4,4.0,16.0,Cash,In-Store,2023-11-27
Txn_9205425,Sandwich,3,4.0,12.0,Digital Wallet,Takeaway,2023-09-16
Txn_9306482,Smoothie,2,4.0,8.0,Digital Wallet,Takeaway,2023-01-16
Txn_4734366,Smoothie,1,4.0,4.0,Credit Card,Takeaway,2023-08-20
Txn_4130343,Coffee,4,2.0,8.0,Credit Card,In-Store,2023-12-08
Txn_6090715,Juice,3,3.0,9.0,Credit Card,In-Store,2023-11-14
Txn_7155957,Salad,5,5.0,25.0,Digital Wallet,In-Store,2023-02-22
Txn_4350828,Juice,2,3.0,6.0,Digital Wallet,In-Store,2023-02-16
Txn_4970127,Tea,1,1.5,1.5,Digital Wallet,In-Store,2023-12-09
Txn_9567719,Sandwich,5,4.0,20.0,Digital Wallet,In-Store,2023-01-24
Txn_1084010,Smoothie,2,4.0,8.0,Credit Card,In-Store,2023-08-11
Txn_4742049,Juice,1,3.0,3.0,Credit Card,Takeaway,2023-09-10
Txn_6769554,Coffee,5,2.0,10.0,Credit Card,Takeaway,2023-02-06
Txn_2614633,Coffee,4,2.0,8.0,Digital Wallet,In-Store,2023-04-23
Txn_3399636,Juice,3,3.0,9.0,Digital Wallet,Takeaway,2023-08-07
Txn_8587529,Cookie,2,1.0,2.0,Credit Card,Takeaway,2023-07-09
Txn_6945985,Tea,3,1.5,4.5,Digital Wallet,In-Store,2023-02-13
Txn_4117627,Cake,3,3.0,9.0,Credit Card,In-Store,2023-06-22
Txn_9061106,Cake,4,3.0,12.0,Digital Wallet,Takeaway,2023-11-04
Txn_2381411,Coffee,5,2.0,10.0,Cash,In-Store,2023-07-30
Txn_9178545,Juice,4,3.0,12.0,Cash,In-Store,2023-01-24
Txn_8535886,Tea,5,1.5,7.5,Credit Card,In-Store,2023-05-13
Txn_6926855,Sandwich,3,4.0,12.0,Cash,Takeaway,2023-01-12
Txn_9869593,Cake,2,3.0,6.0,Digital Wallet,Takeaway,2023-10-03
Txn_5332773,Coffee,2,2.0,4.0,Digital Wallet,Takeaway,2023-05-04
Txn_7508715,Smoothie,2,4.0,8.0,Cash,In-Store,2023-12-11
Txn_9728789,Cookie,3,1.0,3.0,Cash,In-Store,2023-03-29
Txn_8061866,Salad,4,5.0,20.0,Cash,Takeaway,2023-12-13
Txn_8627017,Tea,4,1.5,6.0,Cash,In-Store,2023-01-28
Txn_4096757,Salad,5,5.0,25.0,Credit Card,In-Store,2023-07-20
Txn_2890321,Tea,3,1.5,4.5,Cash,In-Store,2023-06-13
Txn_2515796,Tea,3,1.5,4.5,Credit Card,Takeaway,2023-02-06
Txn_2369294,Sandwich,2,4.0,8.0,Cash,Takeaway,2023-09-07
Txn_9444736,Tea,5,1.5,7.5,Credit Card,Takeaway,2023-04-23
Txn_1993675,Cookie,3,1.0,3.0,Cash,Takeaway,2023-01-09
Txn_7754136,Cookie,1,1.0,1.0,Credit Card,In-Store,2023-07-12
Txn_4873173,Coffee,5,2.0,10.0,Cash,Takeaway,2023-10-08
Txn_7221126,Tea,5,1.5,7.5,Digital Wallet,In-Store,2023-10-11
Txn_5079166,Salad,5,5.0,25.0,Credit Card,Takeaway,2023-04-15
Txn_6419344,Juice,1,3.0,3.0,Cash,In-Store,2023-05-26
Txn_3669068,Cake,5,3.0,15.0,Cash,Takeaway,2023-01-17
Txn_9737509,Tea,5,1.5,7.5,Digital Wallet,In-Store,2023-11-27
Txn_8749404,Coffee,4,2.0,8.0,Digital Wallet,In-Store,2023-12-16
Txn_6411385,Salad,4,5.0,20.0,Cash,Takeaway,2023-06-06
Txn_4768744,Tea,5,1.5,7.5,Cash,In-Store,2023-05-14
Txn_5260646,Tea,4,1.5,6.0,Cash,Takeaway,2023-11-18
Txn_2393219,Juice,4,3.0,12.0,Digital Wallet,In-Store,2023-12-27
Txn_4544172,Juice,1,3.0,3.0,Digital Wallet,Takeaway,2023-05-20
Txn_8661276,Cookie,1,1.0,1.0,Digital Wallet,In-Store,2023-01-07
Txn_5974796,Sandwich,4,4.0,16.0,Cash,In-Store,2023-11-09
Txn_5452978,Salad,2,5.0,10.0,Cash,In-Store,2023-04-10
Txn_4887189,Smoothie,3,4.0,12.0,Cash,Takeaway,2023-07-19
Txn_7687146,Coffee,1,2.0,2.0,Digital Wallet,Takeaway,2023-12-02
Txn_9728414,Tea,1,1.5,1.5,Credit Card,Takeaway,2023-01-11
Txn_7589318,Cake,4,3.0,12.0,Cash,In-Store,2023-09-21
Txn_8732269,Cake,2,3.0,6.0,Credit Card,Takeaway,2023-01-11
Txn_3758250,Salad,3,5.0,15.0,Cash,In-Store,2023-09-08
Txn_8196921,Coffee,4,2.0,8.0,Credit Card,Takeaway,2023-05-19
Txn_3779320,Tea,4,1.5,6.0,Credit Card,In-Store,2023-03-27
Txn_9789876,Salad,4,5.0,20.0,Cash,Takeaway,2023-09-05
Txn_5992166,Juice,5,3.0,15.0,Cash,Takeaway,2023-10-01
Txn_6895165,Coffee,3,2.0,6.0,Credit Card,Takeaway,2023-02-18
Txn_6241505,Smoothie,4,4.0,16.0,Cash,Takeaway,2023-11-20
Txn_4682737,Coffee,2,2.0,4.0,Cash,Takeaway,2023-02-03
Txn_9061471,Cake,1,3.0,3.0,Digital Wallet,Takeaway,2023-07-13
Txn_8410979,Smoothie,3,4.0,12.0,Digital Wallet,In-Store,2023-05-02
Txn_8014289,Juice,5,3.0,15.0,Digital Wallet,In-Store,2023-12-04
Txn_2648236,Smoothie,2,4.0,8.0,Credit Card,In-Store,2023-09-10
Txn_5863650,Tea,1,1.5,1.5,Digital Wallet,In-Store,2023-08-09
Txn_1292476,Juice,4,3.0,12.0,Digital Wallet,Takeaway,2023-09-07
Txn_5808749,Salad,1,5.0,5.0,Cash,Takeaway,2023-01-25
Txn_2168513,Cake,1,3.0,3.0,Digital Wallet,In-Store,2023-02-09
Txn_7248722,Cake,3,3.0,9.0,Cash,Takeaway,2023-04-06
Txn_1850339,Cookie,5,1.0,5.0,Cash,Takeaway,2023-01-17
Txn_4551353,Tea,5,1.5,7.5,Digital Wallet,In-Store,2023-08-17
Txn_6744096,Coffee,1,2.0,2.0,Digital Wallet,In-Store,2023-11-15
Txn_5188843,Smoothie,2,4.0,8.0,Cash,In-Store,2023-02-06
Txn_4821343,Cookie,1,1.0,1.0,Credit Card,In-Store,2023-09-16
Txn_8404563,Tea,1,1.5,1.5,Cash,In-Store,2023-01-22
Txn_8942133,Salad,3,5.0,15.0,Cash,Takeaway,2023-10-04
Txn_8359693,Sandwich,2,4.0,8.0,Digital Wallet,In-Store,2023-10-23
Txn_6963106,Sandwich,1,4.0,4.0,Cash,In-Store,2023-06-01
Txn_1899827,Coffee,5,2.0,10.0,Credit Card,Takeaway,2023-06-24
Txn_9157625,Tea,5,1.5,7.5,Credit Card,Takeaway,2023-02-10
Txn_5433077,Cake,4,3.0,12.0,Cash,In-Store,2023-11-29
Txn_7954416,Coffee,1,2.0,2.0,Digital Wallet,In-Store,2023-06-04
Txn_7421687,Coffee,5,2.0,10.0,Credit Card,In-Store,2023-11-18
Txn_1903825,Salad,4,5.0,20.0,Digital Wallet,Takeaway,2023-04-01
Txn_4267136,Tea,1,1.5,1.5,Credit Card,In-Store,2023-08-02
Txn_7187140,Juice,2,3.0,6.0,Credit Card,In-Store,2023-05-25
Txn_7568175,Salad,1,5.0,5.0,Cash,In-Store,2023-11-06
Txn_8843061,Smoothie,1,4.0,4.0,Cash,Takeaway,2023-11-10
Txn_7079566,Juice,4,3.0,12.0,Digital Wallet,In-Store,2023-10-20
Txn_3937788,Smoothie,1,4.0,4.0,Cash,In-Store,2023-06-27
Txn_8343414,Salad,2,5.0,10.0,Credit Card,Takeaway,2023-02-28
Txn_4801327,Cake,5,3.0,15.0,Cash,In-Store,2023-02-03
Txn_6025054,Coffee,1,2.0,2.0,Credit Card,Takeaway,2023-03-10
Txn_9929033,Coffee,2,2.0,4.0,Cash,Takeaway,2023-02-17
Txn_7495804,Juice,3,3.0,9.0,Credit Card,Takeaway,2023-11-24
Txn_8183734,Cookie,2,1.0,2.0,Digital Wallet,In-Store,2023-08-25
Txn_2785654,Tea,1,1.5,1.5,Credit Card,Takeaway,2023-02-21
Txn_1121833,Coffee,4,2.0,8.0,Credit Card,In-Store,2023-03-16
Txn_1512159,Cake,2,3.0,6.0,Credit Card,In-Store,2023-11-25
Txn_4566950,Coffee,2,2.0,4.0,Cash,Takeaway,2023-09-29
Txn_3219378,Salad,3,5.0,15.0,Digital Wallet,In-Store,2023-12-04
Txn_6372515,Cookie,1,1.0,1.0,Digital Wallet,In-Store,2023-11-22
Txn_4745933,Salad,1,5.0,5.0,Digital Wallet,In-Store,2023-11-05
Txn_6994245,Coffee,4,2.0,8.0,Digital Wallet,In-Store,2023-12-30
Txn_8103630,Cookie,1,1.0,1.0,Digital Wallet,Takeaway,2023-03-08
Txn_3252542,Sandwich,5,4.0,20.0,Digital Wallet,In-Store,2023-09-22
Txn_1283149,Salad,2,5.0,10.0,Credit Card,In-Store,2023-01-23
Txn_6822426,Cake,5,3.0,15.0,Digital Wallet,In-Store,2023-05-27
Txn_8210816,Salad,4,5.0,20.0,Digital Wallet,Takeaway,2023-08-12
Txn_5896728,Juice,4,3.0,12.0,Digital Wallet,Takeaway,2023-10-06
Txn_4407308,Tea,4,1.5,6.0,Digital Wallet,In-Store,2023-09-19
Txn_7710078,Juice,2,3.0,6.0,Credit Card,Takeaway,2023-12-05
Txn_6016707,Juice,1,3.0,3.0,Cash,In-Store,2023-06-27
Txn_3377626,Cookie,5,1.0,5.0,Cash,In-Store,2023-07-23
Txn_4982165,Tea,1,1.5,1.5,Credit Card,Takeaway,2023-04-12
Txn_1581562,Coffee,2,2.0,4.0,Cash,In-Store,2023-01-01
Txn_2716560,Sandwich,4,4.0,16.0,Credit Card,Takeaway,2023-08-29
Txn_4141941,Coffee,2,2.0,4.0,Digital Wallet,In-Store,2023-05-18
Txn_5129701,Smoothie,2,4.0,8.0,Credit Card,Takeaway,2023-11-09
Txn_7021592,Salad,4,5.0,20.0,Credit Card,In-Store,2023-07-01
Txn_5618631,Coffee,5,2.0,10.0,Credit Card,In-Store,2023-12-21
Txn_6496379,Sandwich,1,4.0,4.0,Cash,Takeaway,2023-12-24
Txn_2386202,Salad,4,5.0,20.0,Cash,In-Store,2023-01-22
Txn_9190061,Salad,5,5.0,25.0,Cash,Takeaway,2023-06-14
Txn_2495471,Salad,3,5.0,15.0,Credit Card,Takeaway,2023-10-22
Txn_7195393,Salad,2,5.0,10.0,Credit Card,In-Store,2023-01-24
Txn_8022892,Sandwich,4,4.0,16.0,Digital Wallet,In-Store,2023-08-07
Txn_4298189,Coffee,1,2.0,2.0,Digital Wallet,In-Store,2023-10-13
Txn_3541304,Sandwich,3,4.0,12.0,Cash,In-Store,2023-04-22
Txn_3007866,Juice,4,3.0,12.0,Credit Card,In-Store,2023-04-14
Txn_2848421,Cookie,1,1.0,1.0,Digital Wallet,In-Store,2023-08-07
Txn_3426338,Salad,1,5.0,5.0,Cash,In-Store,2023-07-31
Txn_6014389,Cookie,5,1.0,5.0,Credit Card,In-Store,2023-07-21
Txn_7358729,Cookie,2,1.0,2.0,Cash,Takeaway,2023-02-25
Txn_9815521,Sandwich,3,4.0,12.0,Credit Card,In-Store,2023-05-26
Txn_1950187,Tea,2,1.5,3.0,Credit Card,Takeaway,2023-04-13
Txn_5835004,Smoothie,5,4.0,20.0,Credit Card,In-Store,2023-04-14
Txn_2786231,Juice,1,3.0,3.0,Cash,Takeaway,2023-08-17
Txn_4262451,Coffee,1,2.0,2.0,Digital Wallet,Takeaway,2023-10-16
Txn_1231366,Sandwich,3,4.0,12.0,Digital Wallet,Takeaway,2023-11-28
Txn_2713279,Cookie,4,1.0,4.0,Digital Wallet,In-Store,2023-02-12
Txn_4247602,Salad,5,5.0,25.0,Credit Card,Takeaway,2023-07-13
Txn_6643922,Coffee,5,2.0,10.0,Digital Wallet,In-Store,2023-06-24
Txn_4728936,Juice,4,3.0,12.0,Digital Wallet,Takeaway,2023-02-27
Txn_6386388,Tea,3,1.5,4.5,Credit Card,Takeaway,2023-05-21
Txn_6377838,Cake,2,3.0,6.0,Digital Wallet,Takeaway,2023-02-19
Txn_7719510,Juice,3,3.0,9.0,Credit Card,Takeaway,2023-08-14
Txn_7908153,Cookie,3,1.0,3.0,Cash,In-Store,2023-01-19
Txn_5391160,Juice,2,3.0,6.0,Cash,In-Store,2023-03-09
Txn_1985223,Smoothie,3,4.0,12.0,Digital Wallet,Takeaway,2023-09-21
Txn_2944460,Salad,1,5.0,5.0,Digital Wallet,In-Store,2023-04-16
Txn_2887257,Cookie,3,1.0,3.0,Credit Card,In-Store,2023-08-27
Txn_3986876,Cake,3,3.0,9.0,Cash,Takeaway,2023-11-06
Txn_4464373,Cookie,2,1.0,2.0,Digital Wallet,In-Store,2023-04-22
Txn_8795794,Sandwich,3,4.0,12.0,Cash,In-Store,2023-02-13
Txn_7246683,Smoothie,1,4.0,4.0,Digital Wallet,Takeaway,2023-05-17
Txn_3691228,Cake,3,3.0,9.0,Cash,Takeaway,2023-10-26
Txn_8105705,Juice,1,3.0,3.0,Digital Wallet,Takeaway,2023-10-17
Txn_5531648,Coffee,5,2.0,10.0,Cash,Takeaway,2023-01-23
Txn_9938977,Cake,5,3.0,15.0,Cash,In-Store,2023-12-18
Txn_3326626,Cake,2,3.0,6.0,Cash,Takeaway,2023-09-26
Txn_4843989,Tea,4,1.5,6.0,Digital Wallet,Takeaway,2023-09-30
Txn_6606514,Juice,1,3.0,3.0,Credit Card,In-Store,2023-06-25
Txn_9438576,Cookie,1,1.0,1.0,Credit Card,In-Store,2023-05-05
Txn_1875220,Tea,3,1.5,4.5,Cash,In-Store,2023-03-07
Txn_1899114,Tea,3,1.5,4.5,Digital Wallet,Takeaway,2023-04-05
Txn_2625388,Coffee,5,2.0,10.0,Digital Wallet,In-Store,2023-02-09
Txn_7153665,Salad,5,5.0,25.0,Cash,In-Store,2023-07-31
Txn_9161256,Smoothie,2,4.0,8.0,Digital Wallet,In-Store,2023-01-01
Txn_1372003,Tea,4,1.5,6.0,Digital Wallet,Takeaway,2023-10-13
Txn_2119809,Salad,5,5.0,25.0,Digital Wallet,In-Store,2023-04-21
Txn_5114283,Tea,1,1.5,1.5,Digital Wallet,In-Store,2023-05-28
Txn_8492074,Tea,3,1.5,4.5,Digital Wallet,In-Store,2023-11-12
Txn_1180397,Smoothie,3,4.0,12.0,Credit Card,Takeaway,2023-04-05
Txn_4747863,Cookie,2,1.0,2.0,Digital Wallet,In-Store,2023-10-04
Txn_5127984,Sandwich,3,4.0,12.0,Cash,In-Store,2023-11-12
Txn_1196223,Juice,3,3.0,9.0,Digital Wallet,In-Store,2023-10-14
Txn_9639089,Juice,4,3.0,12.0,Credit Card,In-Store,2023-05-14
Txn_5401244,Salad,1,5.0,5.0,Credit Card,In-Store,2023-07-08
Txn_8365857,Smoothie,5,4.0,20.0,Digital Wallet,Takeaway,2023-10-06
Txn_9349657,Cookie,2,1.0,2.0,Credit Card,In-Store,2023-03-14
Txn_1161606,Sandwich,5,4.0,20.0,Credit Card,Takeaway,2023-09-20
Txn_7565894,Salad,1,5.0,5.0,Cash,Takeaway,2023-07-15
Txn_9277276,Cake,4,3.0,12.0,Credit Card,Takeaway,2023-09-15
Txn_1576076,Coffee,3,2.0,6.0,Cash,Takeaway,2023-10-07
Txn_4579086,Cake,2,3.0,6.0,Credit Card,In-Store,2023-07-20
Txn_3587916,Salad,3,5.0,15.0,Cash,In-Store,2023-07-09
Txn_9080521,Coffee,2,2.0,4.0,Credit Card,In-Store,2023-01-24
Txn_9648941,Coffee,2,2.0,4.0,Cash,Takeaway,2023-06-30
Txn_9989719,Smoothie,2,4.0,8.0,Credit Card,Takeaway,2023-11-26
Txn_2264883,Juice,2,3.0,6.0,Credit Card,Takeaway,2023-12-24
Txn_6862603,Salad,4,5.0,20.0,Credit Card,Takeaway,2023-04-17
Txn_9852820,Salad,2,5.0,10.0,Credit Card,In-Store,2023-08-27
Txn_9531812,Sandwich,2,4.0,8.0,Digital Wallet,In-Store,2023-02-04
Txn_2119373,Salad,4,5.0,20.0,Credit Card,In-Store,2023-06-30
Txn_6803555,Tea,2,1.5,3.0,Digital Wallet,Takeaway,2023-05-31
Txn_2086557,Smoothie,2,4.0,8.0,Cash,In-Store,2023-01-13
Txn_2539469,Cake,2,3.0,6.0,Credit Card,Takeaway,2023-09-24
Txn_2764544,Juice,4,3.0,12.0,Cash,In-Store,2023-04-02
Txn_3116803,Coffee,1,2.0,2.0,Credit Card,In-Store,2023-09-10
Txn_7403963,Sandwich,4,4.0,16.0,Cash,In-Store,2023-07-27
Txn_4966750,Cookie,3,1.0,3.0,Digital Wallet,In-Store,2023-12-24
Txn_7770188,Juice,5,3.0,15.0,Digital Wallet,In-Store,2023-10-28
Txn_1865302,Cookie,5,1.0,5.0,Credit Card,In-Store,2023-08-16
Txn_4224423,Juice,3,3.0,9.0,Cash,Takeaway,2023-08-27
Txn_5719592,Coffee,1,2.0,2.0,Credit Card,In-Store,2023-08-07
Txn_6121301,Smoothie,5,4.0,20.0,Digital Wallet,Takeaway,2023-01-07
Txn_7514279,Salad,1,5.0,5.0,Credit Card,In-Store,2023-02-04
Txn_5153408,Smoothie,1,4.0,4.0,Credit Card,Takeaway,2023-08-22
Txn_1209852,Cookie,2,1.0,2.0,Credit Card,In-Store,2023-11-18
Txn_4508067,Smoothie,5,4.0,20.0,Credit Card,Takeaway,2023-03-19
Txn_1516961,Sandwich,3,4.0,12.0,Credit Card,Takeaway,2023-11-01
Txn_3595118,Juice,2,3.0,6.0,Cash,In-Store,2023-02-03
Txn_4040941,Cookie,1,1.0,1.0,Cash,In-Store,2023-02-20
Txn_4183705,Tea,2,1.5,3.0,Credit Card,In-Store,2023-11-23
Txn_5151780,Salad,4,5.0,20.0,Cash,Takeaway,2023-06-24
Txn_8140360,Coffee,4,2.0,8.0,Digital Wallet,Takeaway,2023-05-05
Txn_7873479,Cookie,1,1.0,1.0,Credit Card,Takeaway,2023-03-18
Txn_6775304,Tea,4,1.5,6.0,Cash,In-Store,2023-03-08
Txn_3801966,Sandwich,4,4.0,16.0,Digital Wallet,In-Store,2023-01-14
Txn_2210925,Juice,4,3.0,12.0,Cash,In-Store,2023-07-06
Txn_7750963,Tea,4,1.5,6.0,Credit Card,In-Store,2023-06-09
Txn_8134280,Cookie,1,1.0,1.0,Digital Wallet,Takeaway,2023-01-29
Txn_2014042,Cookie,4,1.0,4.0,Digital Wallet,Takeaway,2023-10-27
Txn_7276478,Sandwich,5,4.0,20.0,Cash,Takeaway,2023-09-07
Txn_6036240,Cake,4,3.0,12.0,Credit Card,In-Store,2023-10-30
Txn_2882871,Salad,3,5.0,15.0,Credit Card,Takeaway,2023-08-30
Txn_1047450,Coffee,2,2.0,4.0,Cash,In-Store,2023-11-19
Txn_9673685,Salad,1,5.0,5.0,Cash,In-Store,2023-12-11
Txn_3547569,Smoothie,4,4.0,16.0,Digital Wallet,In-Store,2023-08-04
Txn_2964982,Sandwich,1,4.0,4.0,Digital Wallet,In-Store,2023-04-15
Txn_5723229,Juice,5,3.0,15.0,Digital Wallet,Takeaway,2023-06-23
Txn_1065721,Sandwich,4,4.0,16.0,Cash,Takeaway,2023-12-06
Txn_8155446,Salad,3,5.0,15.0,Digital Wallet,Takeaway,2023-12-20
Txn_2253852,Cookie,2,1.0,2.0,Credit Card,Takeaway,2023-08-26
Txn_6994752,Juice,4,3.0,12.0,Cash,Takeaway,2023-06-17
Txn_8260297,Salad,2,5.0,10.0,Cash,In-Store,2023-07-04
Txn_7152012,Sandwich,3,4.0,12.0,Digital Wallet,In-Store,2023-04-02
Txn_3645674,Tea,4,1.5,6.0,Cash,Takeaway,2023-07-18
Txn_4543793,Sandwich,2,4.0,8.0,Cash,In-Store,2023-10-12
Txn_3313534,Cookie,2,1.0,2.0,Digital Wallet,In-Store,2023-01-05
Txn_4969431,Salad,4,5.0,20.0,Credit Card,Takeaway,2023-04-11
Txn_2575331,Cookie,5,1.0,5.0,Cash,In-Store,2023-03-20
Txn_3544380,Juice,1,3.0,3.0,Credit Card,In-Store,2023-09-13
Txn_2104473,Cake,3,3.0,9.0,Digital Wallet,Takeaway,2023-01-01
Txn_3819405,Juice,4,3.0,12.0,Digital Wallet,In-Store,2023-02-16
Txn_1696813,Cookie,3,1.0,3.0,Cash,In-Store,2023-04-02
Txn_1984774,Tea,3,1.5,4.5,Cash,Takeaway,2023-11-13
Txn_1057760,Juice,4,3.0,12.0,Credit Card,Takeaway,2023-02-20
Txn_1728644,Coffee,1,2.0,2.0,Cash,Takeaway,2023-04-07
Txn_5201123,Salad,2,5.0,10.0,Digital Wallet,Takeaway,2023-07-12
Txn_6172528,Smoothie,3,4.0,12.0,Credit Card,In-Store,2023-05-18
Txn_4146795,Tea,5,1.5,7.5,Cash,In-Store,2023-10-29
Txn_5018462,Smoothie,5,4.0,20.0,Cash,In-Store,2023-11-28
Txn_1417400,Cookie,2,1.0,2.0,Cash,In-Store,2023-03-20
Txn_4422898,Salad,2,5.0,10.0,Credit Card,In-Store,2023-04-20
Txn_3196388,Salad,3,5.0,15.0,Cash,In-Store,2023-03-04
Txn_6960031,Sandwich,5,4.0,20.0,Digital Wallet,Takeaway,2023-04-25
Txn_8963106,Coffee,5,2.0,10.0,Cash,In-Store,2023-04-01
Txn_7875743,Cake,5,3.0,15.0,Cash,Takeaway,2023-04-17
Txn_1933315,Juice,2,3.0,6.0,Digital Wallet,In-Store,2023-09-29
Txn_4668931,Juice,3,3.0,9.0,Cash,In-Store,2023-07-09
Txn_2504703,Smoothie,5,4.0,20.0,Digital Wallet,Takeaway,2023-01-09
Txn_3113428,Juice,2,3.0,6.0,Cash,In-Store,2023-10-30
Txn_9034955,Cookie,1,1.0,1.0,Credit Card,In-Store,2023-09-07
Txn_3546303,Tea,2,1.5,3.0,Digital Wallet,Takeaway,2023-09-11
Txn_7838802,Cookie,2,1.0,2.0,Credit Card,Takeaway,2023-11-20
Txn_6736326,Salad,2,5.0,10.0,Credit Card,In-Store,2023-04-14
Txn_9327861,Tea,5,1.5,7.5,Credit Card,In-Store,2023-07-17
Txn_3971440,Cake,4,3.0,12.0,Digital Wallet,Takeaway,2023-10-22
Txn_8494583,Cookie,5,1.0,5.0,Credit Card,In-Store,2023-11-29
Txn_8083377,Tea,4,1.5,6.0,Digital Wallet,In-Store,2023-01-06
Txn_8340038,Tea,1,1.5,1.5,Digital Wallet,In-Store,2023-07-15
Txn_2275799,Sandwich,3,4.0,12.0,Digital Wallet,In-Store,2023-10-04
Txn_1861717,Tea,2,1.5,3.0,Cash,In-Store,2023-11-10
Txn_3421079,Smoothie,1,4.0,4.0,Credit Card,In-Store,2023-12-18
Txn_4971607,Smoothie,5,4.0,20.0,Cash,In-Store,2023-03-30
Txn_6966241,Juice,2,3.0,6.0,Digital Wallet,In-Store,2023-04-13
Txn_5777164,Smoothie,1,4.0,4.0,Credit Card,Takeaway,2023-02-07
Txn_3787234,Tea,2,1.5,3.0,Digital Wallet,In-Store,2023-03-15
Txn_8649416,Cake,5,3.0,15.0,Credit Card,Takeaway,2023-09-21
Txn_4565080,Smoothie,4,4.0,16.0,Digital Wallet,In-Store,2023-09-28
Txn_8348710,Coffee,1,2.0,2.0,Cash,In-Store,2023-12-27
Txn_8495889,Cake,1,3.0,3.0,Cash,Takeaway,2023-06-26
Txn_7764175,Salad,3,5.0,15.0,Cash,In-Store,2023-09-02
Txn_8316135,Salad,3,5.0,15.0,Digital Wallet,Takeaway,2023-11-06
Txn_7910956,Coffee,5,2.0,10.0,Digital Wallet,In-Store,2023-07-21
Txn_1142233,Tea,5,1.5,7.5,Digital Wallet,Takeaway,2023-09-01
Txn_8532735,Coffee,2,2.0,4.0,Cash,Takeaway,2023-07-28
Txn_1697299,Smoothie,3,4.0,12.0,Cash,In-Store,2023-10-08
Txn_8445753,Tea,4,1.5,6.0,Cash,Takeaway,2023-04-07
Txn_6612143,Tea,5,1.5,7.5,Cash,In-Store,2023-11-07
Txn_3455103,Salad,1,5.0,5.0,Digital Wallet,Takeaway,2023-04-22
Txn_4216294,Tea,4,1.5,6.0,Cash,In-Store,2023-10-19
Txn_4008135,Cookie,5,1.0,5.0,Cash,Takeaway,2023-11-25
Txn_5654331,Coffee,4,2.0,8.0,Cash,In-Store,2023-07-31
Txn_1213938,Salad,5,5.0,25.0,Digital Wallet,Takeaway,2023-07-06
Txn_8482887,Salad,1,5.0,5.0,Digital Wallet,Takeaway,2023-10-29
Txn_9548077,Tea,2,1.5,3.0,Cash,In-Store,2023-07-05
Txn_9185022,Sandwich,3,4.0,12.0,Digital Wallet,In-Store,2023-06-19
Txn_6841993,Juice,3,3.0,9.0,Cash,Takeaway,2023-09-15
Txn_9541057,Juice,4,3.0,12.0,Cash,In-Store,2023-04-24
Txn_2451247,Tea,4,1.5,6.0,Digital Wallet,Takeaway,2023-02-14
Txn_6272908,Juice,3,3.0,9.0,Cash,Takeaway,2023-12-01
Txn_4048690,Cake,3,3.0,9.0,Cash,In-Store,2023-09-06
Txn_3919995,Tea,3,1.5,4.5,Cash,Takeaway,2023-01-26
Txn_3522385,Smoothie,4,4.0,16.0,Credit Card,Takeaway,2023-03-19
Txn_9756401,Salad,3,5.0,15.0,Cash,In-Store,2023-02-04
Txn_7260110,Salad,5,5.0,25.0,Credit Card,In-Store,2023-03-07
Txn_1588687,Coffee,2,2.0,4.0,Digital Wallet,Takeaway,2023-08-22
Txn_3125699,Juice,1,3.0,3.0,Credit Card,Takeaway,2023-02-05
Txn_5666369,Juice,2,3.0,6.0,Digital Wallet,In-Store,2023-07-17
Txn_4082099,Juice,2,3.0,6.0,Credit Card,In-Store,2023-06-01
Txn_8955306,Coffee,3,2.0,6.0,Credit Card,In-Store,2023-10-14
Txn_7851403,Coffee,5,2.0,10.0,Credit Card,Takeaway,2023-03-06
Txn_6403012,Juice,5,3.0,15.0,Cash,In-Store,2023-07-23
Txn_2294776,Juice,4,3.0,12.0,Credit Card,Takeaway,2023-04-10
Txn_2556999,Tea,1,1.5,1.5,Credit Card,Takeaway,2023-08-14
Txn_6564856,Tea,5,1.5,7.5,Digital Wallet,Takeaway,2023-02-16
Txn_8732682,Salad,5,5.0,25.0,Credit Card,In-Store,2023-04-07
Txn_2875074,Cake,4,3.0,12.0,Credit Card,Takeaway,2023-02-06
Txn_3587915,Salad,2,5.0,10.0,Digital Wallet,Takeaway,2023-06-24
Txn_7226052,Sandwich,3,4.0,12.0,Cash,In-Store,2023-02-21
Txn_8112788,Smoothie,1,4.0,4.0,Credit Card,Takeaway,2023-08-07
Txn_4179583,Smoothie,3,4.0,12.0,Digital Wallet,Takeaway,2023-06-13
Txn_3787265,Salad,1,5.0,5.0,Credit Card,In-Store,2023-12-16
Txn_3577683,Cookie,2,1.0,2.0,Digital Wallet,In-Store,2023-09-17
Txn_4940237,Cake,2,3.0,6.0,Cash,Takeaway,2023-08-03
Txn_8765822,Cake,1,3.0,3.0,Credit Card,Takeaway,2023-03-22
Txn_3205813,Juice,3,3.0,9.0,Cash,In-Store,2023-04-25
Txn_1837764,Tea,3,1.5,4.5,Cash,In-Store,2023-07-30
Txn_1534763,Cookie,2,1.0,2.0,Cash,Takeaway,2023-09-17
Txn_4485458,Sandwich,4,4.0,16.0,Cash,Takeaway,2023-12-08
Txn_3964550,Tea,3,1.5,4.5,Credit Card,Takeaway,2023-06-09
Txn_4529101,Cookie,2,1.0,2.0,Digital Wallet,In-Store,2023-09-17
Txn_5213761,Coffee,3,2.0,6.0,Digital Wallet,Takeaway,2023-08-18
Txn_9535721,Cake,5,3.0,15.0,Digital Wallet,In-Store,2023-08-03
Txn_2161372,Juice,1,3.0,3.0,Credit Card,Takeaway,2023-12-17
Txn_7267366,Sandwich,3,4.0,12.0,Digital Wallet,Takeaway,2023-06-02
Txn_5426507,Juice,2,3.0,6.0,Cash,Takeaway,2023-06-13
Txn_3855408,Cookie,1,1.0,1.0,Cash,Takeaway,2023-06-02
Txn_6992783,Tea,1,1.5,1.5,Digital Wallet,Takeaway,2023-01-29
Txn_2785262,Salad,3,5.0,15.0,Cash,Takeaway,2023-08-30
Txn_4330643,Cookie,3,1.0,3.0,Cash,Takeaway,2023-05-15
Txn_5476485,Juice,2,3.0,6.0,Cash,In-Store,2023-01-07
Txn_2581559,Sandwich,1,4.0,4.0,Credit Card,Takeaway,2023-03-25
Txn_5968921,Salad,5,5.0,25.0,Credit Card,Takeaway,2023-10-10
Txn_6428404,Salad,2,5.0,10.0,Digital Wallet,In-Store,2023-02-06
Txn_1190402,Cake,1,3.0,3.0,Credit Card,Takeaway,2023-12-01
Txn_6349424,Sandwich,5,4.0,20.0,Cash,Takeaway,2023-02-24
Txn_3851928,Juice,3,3.0,9.0,Credit Card,In-Store,2023-02-07
Txn_7791293,Salad,3,5.0,15.0,Credit Card,Takeaway,2023-04-08
Txn_4693942,Sandwich,4,4.0,16.0,Cash,Takeaway,2023-12-16
Txn_5563486,Juice,5,3.0,15.0,Digital Wallet,In-Store,2023-03-13
Txn_5697414,Cake,5,3.0,15.0,Credit Card,In-Store,2023-02-16
Txn_5422843,Sandwich,2,4.0,8.0,Cash,In-Store,2023-07-21
Txn_6650875,Cookie,5,1.0,5.0,Credit Card,Takeaway,2023-01-29
Txn_3898445,Sandwich,3,4.0,12.0,Cash,Takeaway,2023-06-17
Txn_7641606,Coffee,3,2.0,6.0,Credit Card,Takeaway,2023-12-26
Txn_2672972,Sandwich,1,4.0,4.0,Digital Wallet,Takeaway,2023-06-15
Txn_6091542,Juice,5,3.0,15.0,Digital Wallet,Takeaway,2023-01-17
Txn_4184461,Salad,2,5.0,10.0,Digital Wallet,In-Store,2023-02-22
Txn_3224397,Cookie,4,1.0,4.0,Digital Wallet,Takeaway,2023-05-15
Txn_2772639,Tea,4,1.5,6.0,Credit Card,In-Store,2023-08-30
Txn_5109348,Cake,4,3.0,12.0,Digital Wallet,In-Store,2023-02-10
Txn_9054074,Cake,1,3.0,3.0,Credit Card,Takeaway,2023-10-15
Txn_1488481,Coffee,4,2.0,8.0,Credit Card,Takeaway,2023-07-28
Txn_1232346,Salad,5,5.0,25.0,Digital Wallet,In-Store,2023-01-04
Txn_1911093,Tea,2,1.5,3.0,Digital Wallet,In-Store,2023-10-07
Txn_7056162,Smoothie,3,4.0,12.0,Digital Wallet,In-Store,2023-03-04
Txn_2064049,Salad,4,5.0,20.0,Credit Card,Takeaway,2023-09-21
Txn_6826409,Sandwich,1,4.0,4.0,Credit Card,Takeaway,2023-10-21
Txn_5309677,Coffee,4,2.0,8.0,Cash,In-Store,2023-08-09
Txn_6704284,Salad,2,5.0,10.0,Credit Card,Takeaway,2023-08-31
Txn_2354394,Tea,4,1.5,6.0,Cash,In-Store,2023-04-17
Txn_6097664,Salad,4,5.0,20.0,Digital Wallet,In-Store,2023-11-27
Txn_1660104,Smoothie,2,4.0,8.0,Credit Card,Takeaway,2023-02-04
Txn_6306555,Smoothie,1,4.0,4.0,Digital Wallet,Takeaway,2023-04-12
Txn_2079029,Cake,5,3.0,15.0,Cash,In-Store,2023-05-11
Txn_2845506,Tea,2,1.5,3.0,Digital Wallet,Takeaway,2023-12-30
Txn_8565799,Smoothie,4,4.0,16.0,Credit Card,In-Store,2023-04-22
Txn_3052584,Salad,1,5.0,5.0,Cash,In-Store,2023-01-21
Txn_4606893,Juice,5,3.0,15.0,Digital Wallet,In-Store,2023-05-24
Txn_1759063,Cookie,2,1.0,2.0,Digital Wallet,Takeaway,2023-09-09
Txn_7953750,Sandwich,5,4.0,20.0,Cash,In-Store,2023-06-16
Txn_8367194,Juice,1,3.0,3.0,Digital Wallet,Takeaway,2023-02-04
Txn_4959078,Cake,2,3.0,6.0,Digital Wallet,Takeaway,2023-09-13
Txn_1928401,Sandwich,5,4.0,20.0,Digital Wallet,In-Store,2023-06-15
Txn_7861799,Cookie,2,1.0,2.0,Cash,Takeaway,2023-05-23
Txn_2562041,Cake,5,3.0,15.0,Cash,Takeaway,2023-12-24
Txn_4308634,Coffee,3,2.0,6.0,Cash,In-Store,2023-02-14
Txn_3792683,Salad,4,5.0,20.0,Digital Wallet,In-Store,2023-08-06
Txn_4006067,Juice,4,3.0,12.0,Cash,Takeaway,2023-01-30
Txn_1928131,Smoothie,1,4.0,4.0,Credit Card,Takeaway,2023-04-17
Txn_8270768,Juice,5,3.0,15.0,Digital Wallet,Takeaway,2023-02-28
Txn_4157300,Tea,4,1.5,6.0,Cash,Takeaway,2023-09-23
Txn_3224156,Cookie,1,1.0,1.0,Credit Card,In-Store,2023-03-16
Txn_6393305,Salad,5,5.0,25.0,Digital Wallet,In-Store,2023-10-19
Txn_9176288,Tea,2,1.5,3.0,Digital Wallet,In-Store,2023-02-08
Txn_1841204,Salad,3,5.0,15.0,Digital Wallet,In-Store,2023-04-18
Txn_4339925,Cookie,1,1.0,1.0,Cash,Takeaway,2023-11-23
Txn_8999360,Juice,3,3.0,9.0,Cash,Takeaway,2023-09-27
Txn_6188262,Juice,1,3.0,3.0,Cash,Takeaway,2023-10-24
Txn_9053365,Cookie,1,1.0,1.0,Digital Wallet,In-Store,2023-07-15
Txn_3706457,Tea,5,1.5,7.5,Credit Card,Takeaway,2023-07-18
Txn_9612533,Cake,2,3.0,6.0,Digital Wallet,In-Store,2023-01-26
Txn_4948026,Tea,4,1.5,6.0,Digital Wallet,In-Store,2023-07-02
Txn_8741663,Smoothie,1,4.0,4.0,Credit Card,Takeaway,2023-01-21
Txn_2112522,Sandwich,5,4.0,20.0,Digital Wallet,Takeaway,2023-04-30
Txn_6420902,Cake,3,3.0,9.0,Credit Card,Takeaway,2023-11-22
Txn_4767609,Coffee,3,2.0,6.0,Digital Wallet,In-Store,2023-10-15
Txn_4365321,Salad,4,5.0,20.0,Cash,In-Store,2023-03-09
Txn_4457299,Smoothie,3,4.0,12.0,Credit Card,In-Store,2023-09-19
Txn_1169615,Smoothie,5,4.0,20.0,Digital Wallet,In-Store,2023-03-16
Txn_8273780,Salad,2,5.0,10.0,Digital Wallet,Takeaway,2023-10-15
Txn_4224427,Juice,4,3.0,12.0,Cash,Takeaway,2023-01-23
Txn_5344848,Salad,1,5.0,5.0,Digital Wallet,Takeaway,2023-09-27
Txn_6411708,Coffee,4,2.0,8.0,Credit Card,In-Store,2023-05-20
Txn_8153550,Cookie,2,1.0,2.0,Cash,Takeaway,2023-10-12
Txn_5921442,Smoothie,4,4.0,16.0,Cash,Takeaway,2023-02-04
Txn_8966400,Cake,5,3.0,15.0,Credit Card,Takeaway,2023-11-29
Txn_4556831,Juice,2,3.0,6.0,Digital Wallet,In-Store,2023-05-28
Txn_4723089,Sandwich,4,4.0,16.0,Cash,In-Store,2023-05-23
Txn_8866974,Smoothie,3,4.0,12.0,Digital Wallet,Takeaway,2023-03-14
Txn_9954652,Coffee,2,2.0,4.0,Cash,In-Store,2023-09-12
Txn_5762440,Sandwich,5,4.0,20.0,Cash,In-Store,2023-03-05
Txn_6120851,Salad,5,5.0,25.0,Cash,Takeaway,2023-02-04
Txn_8076061,Tea,4,1.5,6.0,Cash,In-Store,2023-04-01
Txn_9668108,Cake,1,3.0,3.0,Cash,In-Store,2023-01-20
Txn_9933628,Smoothie,5,4.0,20.0,Cash,In-Store,2023-07-20
Txn_2858441,Sandwich,2,4.0,8.0,Credit Card,In-Store,2023-12-14
Txn_3897619,Sandwich,3,4.0,12.0,Cash,Takeaway,2023-02-24
Txn_6170729,Sandwich,3,4.0,12.0,Cash,In-Store,2023-11-07
